{
"惩罚我吧":"ajdq_惩罚我吧",
"打不走":"ajdq_打不走",
"弹簧跪":"ajdq_弹簧跪",
"钉钉子":"ajdq_钉钉子",
"叩头":"ajdq_钉钉子",
"对不起":"ajdq_对不起",
"翻滚跪":"ajdq_翻滚跪",
"sorry":"ajdq_翻滚跪",
"滚跪":"ajdq_滚跪",
"谁的错":"ajdq_滚跪",
"我的错":"ajdq_滚跪",
"滑过来":"ajdq_滑过来",
"集体鞠躬":"ajdq_集体鞠躬",
"鞠躬":"ajdq_集体鞠躬",
"敬茶谢罪":"ajdq_敬茶谢罪",
"喝茶":"ajdq_敬茶谢罪",
"爬过来":"ajdq_爬过来",
"我很真诚":"ajdq_爬过来",
"请笑纳":"ajdq_请笑纳",
"上吊谢罪":"ajdq_上吊谢罪",
"上吊":"ajdq_上吊谢罪",
"甩不掉":"ajdq_甩不掉",
"拖着走":"ajdq_拖着走",
"自扇":"ajdq_自扇"
}