{
"死不闭眼":"yxxrks_死不闭眼",
"偷瞄":"yxxrks_偷瞄",
"看美女":"yxxrks_偷瞄",
"不想听了":"yxxrks_不想再听",
"表决心":"yxxrks_表决心",
"不睡":"yxxrks_表决心",
"不困":"yxxrks_表决心",
"玩手机":"yxxrks_玩手机",
"吃饭叫我":"yxxrks_吃饭叫我",
"责备":"yxxrks_责备",
"就知道睡":"yxxrks_责备",
"虾米？！":"yxxrks_虾米？！",
"困":"yxxrks_困",
"抱抱":"yxxrks_抱抱",
"金鸡独立":"yxxrks_金鸡独立",
"无聊":"yxxrks_无聊",
"倒":"yxxrks_倒",
"你揍开":"yxxrks_你揍开",
"趴一会":"yxxrks_趴一会",
"上班路上":"yxxrks_上班路上",
"挠挠":"yxxrks_挠挠",
"挤公交":"yxxrks_挤公车",
"坐公交":"yxxrks_挤公车",
"挑逗":"yxxrks_挑逗",
"一起睡嘛":"yxxrks_挑逗",
"洗脸":"yxxrks_洗脸",
"上厕所":"yxxrks_上厕所"
}