{
"么么哒":"ajmd_么么哒",
"亲亲":"ajmd_么么哒",
"嘻嘻":"ajmd_偷笑",
"嘿嘿":"ajmd_偷笑",
"偷笑":"ajmd_偷笑",
"得意":"ajmd_得意",
"满足":"ajmd_得意",
"开心":"ajmd_得意",
"汗":"ajmd_擦汗",
"擦汗":"ajmd_擦汗",
"无语":"ajmd_擦汗",
"555":"ajmd_大哭",
"呜呜":"ajmd_大哭",
"大哭":"ajmd_大哭",
"难以置信":"ajmd_大哭",
"手舞足蹈":"ajmd_手舞足蹈",
"佩服":"ajmd_手舞足蹈",
"跳舞":"ajmd_手舞足蹈",
"卖萌":"ajmd_卖萌",
"萌萌哒":"ajmd_卖萌",
"原谅我吧":"ajmd_卖萌",
"怒":"ajmd_大",
"气死我了":"ajmd_大怒",
"生气":"ajmd_大怒",
"？！":"ajmd_大怒",
"sorry":"ajmd_谢罪",
"我错了":"ajmd_谢罪",
"对不起":"ajmd_谢罪",
"谢罪":"ajmd_谢罪",
"菜刀":"ajmd_菜刀",
"刀":"ajmd_菜刀",
"再说一遍":"ajmd_菜刀",
"沧桑":"ajmd_沧桑",
"抽烟":"ajmd_沧桑",
"嘲笑":"ajmd_嘲笑",
"笑话":"ajmd_嘲笑",
"健身":"ajmd_健身",
"锻炼":"ajmd_健身",
"酷":"ajmd_酷",
"帅":"ajmd_酷",
"好困":"ajmd_呵欠",
"困了":"ajmd_呵欠",
"忙碌":"ajmd_忙碌",
"在忙":"ajmd_忙碌",
"再见":"ajmd_拜拜",
"拜拜":"ajmd_拜拜]",
"白白":"ajmd_拜拜]",
"88":"ajmd_拜拜",
"吐舌头":"ajmd_吐舌头",
"啦啦啦":"ajmd_吐舌头",
"哇靠":"ajmd_震惊",
"吓死我了":"ajmd_震惊",
"震惊":"ajmd_震惊",
"羞羞":"ajmd_害羞",
"好帅":"ajmd_害羞",
"害羞":"ajmd_害羞",
"加油":"ajmd_加油",
"吐":"ajmd_呕吐",
"呕吐":"ajmd_呕吐",
"恶心":"ajmd_呕吐",
"紧张":"ajmd_紧张",
"好紧张":"ajmd_紧张",
"拜托":"ajmd_祈求",
"求求你":"ajmd_祈求",
"雷击":"ajmd_雷击",
"遭雷劈":"ajmd_雷击",
"得意":"ajmd_满足",
"满足":"ajmd_满足",
"不屑":"ajmd_不屑",
"切":"ajmd_不屑",
"佩服":"ajmd_膜拜",
"厉害":"ajmd_膜拜",
"膜拜":"ajmd_膜拜",
"不开心":"ajmd_悲伤",
"伐开心":"ajmd_悲伤",
"悲伤":"ajmd_悲伤",
"吹风扇":"ajmd_吹风扇",
"好热":"ajmd_吹风扇",
"大便":"ajmd_大便",
"上厕所":"ajmd_大便",
"玩平板":"ajmd_玩平板",
"床上":"ajmd_玩平板",
"失落":"ajmd_失落",
"午睡":"ajmd_午睡",
"听歌":"ajmd_听歌",
"扇耳光":"ajmd_扇耳光",
"抽你":"ajmd_扇耳光",
"吐血":"ajmd_吐血",
"醉了":"ajmd_吐血",
"加班":"ajmd_加班",
"猥琐":"ajmd_猥琐",
"爱慕":"ajmd_爱慕",
"心碎":"ajmd_心碎",
"原谅我吧":"ajmd_请求原谅",
"请求原谅":"ajmd_请求原谅",
"疑惑":"ajmd_疑惑",
"不懂":"ajmd_疑惑",
"为什么":"ajmd_疑惑",
"晕":"ajmd_晕倒",
"我晕":"ajmd_晕倒",
"晕倒":"ajmd_晕倒",
"开车":"ajmd_开车",
"棒":"ajmd_赞",
"厉害":"ajmd_赞",
"强":"ajmd_赞",
"赞":"ajmd_赞",
"撞墙":"ajmd_撞墙",
"做饭":"ajmd_做饭"
}