{"hi":"chk_Hi",
"HI":"chk_Hi",
"hello":"chk_Hi",
"Hello":"chk_Hi",
"HELLO":"chk_Hi",
"你好":"chk_Hi",
"嗨":"chk_Hi",
"哈喽":"chk_Hi",
"自恋":"chk_自恋",
"自拍":"chk_自恋",
"新会":"chk_幸会",
"示爱":"chk_示爱",
"飞吻":"chk_示爱",
"搞定":"chk_搞定",
"码代码":"chk_搞定",
"再见":"chk_再见",
"拜拜":"chk_再见",
"登场":"chk_登场",
"求爱":"chk_求爱",
"闹铃":"chk_闹铃",
"起床":"chk_闹铃",
"睡懒觉":"chk_闹铃",
"公交":"chk_公交",
"挤公交":"chk_公交",
"去上班":"chk_公交",
"坐公交":"chk_公交",
"忙":"chk_忙",
"很忙":"chk_忙",
"跪求":"chk_跪求",
"对不起":"chk_跪求",
"sorry":"chk_跪求",
"我错了":"chk_跪求",
"不好意思":"chk_跪求",
"饶了我吧":"chk_跪求",
"下班":"chk_下班",
"周五":"chk_周五",
"唱歌":"chk_唱歌",
"没钱":"chk_没钱",
"穷":"chk_没钱",
"怒":"chk_生气",
"气死我了":"chk_生气",
"生气":"chk_生气",
"亲亲":"chk_亲亲",
"么么哒":"chk_亲亲",
"小摩托":"chk_小摩托",
"约会":"chk_约会",
"晚餐":"chk_约会"
}