{"[\\u3030]" : "[波浪]",
"[\\u2b50]" : "[星星1]",
"[\\u2b1c]" : "[白方块]",
"[\\u2b1b]" : "[黑方块]",
"[\\u2935]" : "[箭头向右下]",
"[\\u2934]" : "[箭头向右上]",
"[\\u27b0]" : "[曲线循环]",
"[\\u2797]" : "[除号]",
"[\\u2796]" : "[减号]",
"[\\u2795]" : "[加号]",
"[\\u2757]" : "[叹号]",
"[\\u2753]" : "[问号]",
"[\\u274e]" : "[乘号]",
"[\\u2747]" : "[火花]",
"[\\u2744]" : "[雪花]",
"[\\u2716]" : "[乘号2]",
"[\\u2714]" : "[对号]",
"[\\u2712]" : "[钢笔]",
"[\\u270f]" : "[铅笔]",
"[\\u2709]" : "[信封]",
"[\\u2705]" : "[对好2]",
"[\\u26fa]" : "[帐篷]",
"[\\u26d4]" : "[禁止通行]",
"[\\u26c5]" : "[晴转多云]",
"[\\u26ab]" : "[中黑圈]",
"[\\u26aa]" : "[中白圈]",
"[\\u2693]" : "[锚]",
"[\\u267b]" : "[绿色回收标志]",
"[\\u2611]" : "[确认框]",
"[\\u25fe]" : "[小黑框]",
"[\\u25fd]" : "[小白框]",
"[\\u25fc]" : "[中黑框]",
"[\\u25fb]" : "[中黑框]",
"[\\u25ab]" : "[小白框]",
"[\\u25aa]" : "[小黑框]",
"[\\u24c2]" : "[圆圈M]",
"[\\u23f3]" : "[沙漏]",
"[\\u23f0]" : "[闹钟]",
"[\\u23ec]" : "[向下双三角]",
"[\\u23eb]" : "[向上双三角]",
"[\\u231b]" : "[沙漏]",
"[\\u231a]" : "[手表]",
"[\\u21aa]" : "[右转箭头]",
"[\\u21a9]" : "[左转箭头]",
"[\\u2195]" : "[上下箭头]",
"[\\u2194]" : "[左右箭头]",
"[\\u2139]" : "[详情]",
"[\\ud83d\\udec5]" : "[左行李]",
"[\\ud83d\\udec4]" : "[行李领取处]",
"[\\ud83d\\udec3]" : "[海关]",
"[\\ud83d\\udec2]" : "[护照管理]",
"[\\ud83d\\udec1]" : "[浴缸]",
"[\\ud83d\\udebf]" : "[花洒]",
"[\\ud83d\\udeb8]" : "[儿童跨越]",
"[\\ud83d\\udeb7]" : "[没有行人]",
"[\\ud83d\\udeb5]" : "[山地车]",
"[\\ud83d\\udeb4]" : "[自行车]",
"[\\ud83d\\udeb3]" : "[无自行车]",
"[\\ud83d\\udeb1]" : "[非饮用水]",
"[\\ud83d\\udeb0]" : "[饮用水]",
"[\\ud83d\\udeaf]" : "[无乱扔垃圾]",
"[\\ud83d\\udeae]" : "[分类垃圾]",
"[\\ud83d\\udeab]" : "[禁止通行]",
"[\\ud83d\\udeaa]" : "[门]",
"[\\ud83d\\udea9]" : "[三角旗]",
"[\\ud83d\\udea8]" : "[警车旋转车]",
"[\\ud83d\\udea6]" : "[交通灯]",
"[\\ud83d\\udea3]" : "[划艇]",
"[\\ud83d\\udea1]" : "[索道]",
"[\\ud83d\\udea0]" : "[山索道]",
"[\\ud83d\\ude9f]" : "[高架铁路]",
"[\\ud83d\\ude9e]" : "[山区铁路]",
"[\\ud83d\\ude9d]" : "[单轨]",
"[\\ud83d\\ude9c]" : "[牵引车]",
"[\\ud83d\\ude9b]" : "[拖车]",
"[\\ud83d\\ude98]" : "[汽车]",
"[\\ud83d\\ude96]" : "[出租车]",
"[\\ud83d\\ude94]" : "[警车]",
"[\\ud83d\\ude90]" : "[微型巴士]",
"[\\ud83d\\ude8e]" : "[无轨电车]",
"[\\ud83d\\ude8d]" : "[巴士]",
"[\\ud83d\\ude8b]" : "[有轨电车]",
"[\\ud83d\\ude8a]" : "[电车]",
"[\\ud83d\\ude88]" : "[轻轨]",
"[\\ud83d\\ude86]" : "[火车]",
"[\\ud83d\\ude82]" : "[蒸汽机车]",
"[\\ud83d\\ude81]" : "[直升飞机]",
"[\\ud83d\\ude4e]" : "[撅嘴]",
"[\\ud83d\\ude4d]" : "[皱眉]",
"[\\ud83d\\ude4b]" : "[举一只手]",
"[\\ud83d\\ude4a]" : "[小猴子]",
"[\\ud83d\\ude49]" : "[小猴子]",
"[\\ud83d\\ude48]" : "[小猴子]",
"[\\ud83d\\ude40]" : "[疲惫的猫脸]",
"[\\ud83d\\ude3f]" : "[哭泣的猫脸]",
"[\\ud83d\\ude3e]" : "[撅嘴]",
"[\\ud83d\\ude3d]" : "[接吻猫脸]",
"[\\ud83d\\ude3c]" : "[苦笑猫脸]",
"[\\ud83d\\ude3b]" : "[好色猫脸]",
"[\\ud83d\\ude3a]" : "[微笑猫脸]",
"[\\ud83d\\ude39]" : "[喜极而泣]",
"[\\ud83d\\ude38]" : "[咧嘴微笑]",
"[\\ud83d\\ude36]" : "[无嘴]",
"[\\ud83d\\ude35]" : "[头晕]",
"[\\ud83d\\ude34]" : "[沉睡]",
"[\\ud83d\\ude2f]" : "[安静的脸]",
"[\\ud83d\\ude2e]" : "[张开大嘴]",
"[\\ud83d\\ude2c]" : "[扮鬼脸]",
"[\\ud83d\\ude2b]" : "[疲倦]",
"[\\ud83d\\ude29]" : "[劳累]",
"[\\ud83d\\ude27]" : "[痛苦]",
"[\\ud83d\\ude26]" : "[眉头紧锁]",
"[\\ud83d\\ude24]" : "[胜利]",
"[\\ud83d\\ude1f]" : "[担忧]",
"[\\ud83d\\ude1b]" : "[伸舌头]",
"[\\ud83d\\ude19]" : "[亲亲]",
"[\\ud83d\\ude17]" : "[亲亲]",
"[\\ud83d\\ude15]" : "[困惑面对]",
"[\\ud83d\\ude11]" : "[一脸苦相]",
"[\\ud83d\\ude10]" : "[中性脸]",
"[\\ud83d\\ude0e]" : "[戴太阳镜]",
"[\\ud83d\\ude0b]" : "[馋]",
"[\\ud83d\\ude08]" : "[笑脸]",
"[\\ud83d\\ude07]" : "[笑脸与光环]",
"[\\ud83d\\ude06]" : "[闭眼笑]",
"[\\ud83d\\ude05]" : "[流汗笑脸]",
"[\\ud83d\\ude00]" : "[笑嘻嘻]",
"[\\ud83d\\uddff]" : "[玛雅]",
"[\\ud83d\\uddfe]" : "[日本轮廓]",
"[\\ud83d\\udd67]" : "[十二点半]",
"[\\ud83d\\udd66]" : "[十一点半]",
"[\\ud83d\\udd65]" : "[十点半]",
"[\\ud83d\\udd64]" : "[九点半]",
"[\\ud83d\\udd63]" : "[八点半]",
"[\\ud83d\\udd62]" : "[七点半]",
"[\\ud83d\\udd61]" : "[六点半]",
"[\\ud83d\\udd60]" : "[五点半]",
"[\\ud83d\\udd5f]" : "[四点半]",
"[\\ud83d\\udd5e]" : "[三点半]",
"[\\ud83d\\udd5d]" : "[两点半]",
"[\\ud83d\\udd5c]" : "[一点半]",
"[\\ud83d\\udd3d]" : "[向下三角]",
"[\\ud83d\\udd3c]" : "[向上三角]",
"[\\ud83d\\udd3b]" : "[向下三角]",
"[\\ud83d\\udd3a]" : "[向上三角]",
"[\\ud83d\\udd39]" : "[小蓝钻石]",
"[\\ud83d\\udd38]" : "[小橙色钻石]",
"[\\ud83d\\udd37]" : "[大蓝色钻石]",
"[\\ud83d\\udd36]" : "[大橙色钻石]",
"[\\ud83d\\udd35]" : "[大蓝色圆]",
"[\\ud83d\\udd2e]" : "[水晶球]",
"[\\ud83d\\udd2d]" : "[望远镜]",
"[\\ud83d\\udd2c]" : "[显微镜]",
"[\\ud83d\\udd2a]" : "[赫乔]",
"[\\ud83d\\udd29]" : "[螺母]",
"[\\ud83d\\udd27]" : "[扳手]",
"[\\ud83d\\udd26]" : "[手电筒]",
"[\\ud83d\\udd24]" : "[英文字母]",
"[\\ud83d\\udd23]" : "[象征符号]",
"[\\ud83d\\udd22]" : "[数字符号]",
"[\\ud83d\\udd21]" : "[拉丁文]",
"[\\ud83d\\udd20]" : "[拉丁文大写]",
"[\\ud83d\\udd1f]" : "[10]",
"[\\ud83d\\udd1c]" : "[向右箭头]",
"[\\ud83d\\udd1b]" : "[左右箭头]",
"[\\ud83d\\udd1a]" : "[向左箭头]",
"[\\ud83d\\udd19]" : "[向左箭头]",
"[\\ud83d\\udd18]" : "[单选按钮]",
"[\\ud83d\\udd17]" : "[链接]",
"[\\ud83d\\udd16]" : "[书签]",
"[\\ud83d\\udd15]" : "[禁止铃声]",
"[\\ud83d\\udd10]" : "[锁钥匙]",
"[\\ud83d\\udd0f]" : "[锁钢笔]",
"[\\ud83d\\udd0e]" : "[放大镜]",
"[\\ud83d\\udd0c]" : "[电插座]",
"[\\ud83d\\udd0b]" : "[电池]",
"[\\ud83d\\udd09]" : "[小音量]",
"[\\ud83d\\udd08]" : "[喇叭]",
"[\\ud83d\\udd07]" : "[静音]",
"[\\ud83d\\udd06]" : "[高亮度]",
"[\\ud83d\\udd05]" : "[低亮度]",
"[\\ud83d\\udd04]" : "[循环键]",
"[\\ud83d\\udd03]" : "[顺时针]",
"[\\ud83d\\udd02]" : "[单曲循环]",
"[\\ud83d\\udd01]" : "[全部循环]",
"[\\ud83d\\udd00]" : "[随机播放]",
"[\\ud83d\\udcf9]" : "[摄影机]",
"[\\ud83d\\udcf5]" : "[勿带手机]",
"[\\ud83d\\udcf0]" : "[报纸]",
"[\\ud83d\\udcef]" : "[邮政]",
"[\\ud83d\\udced]" : "[邮箱打开]",
"[\\ud83d\\udcec]" : "[投递信件]",
"[\\ud83d\\udcea]" : "[关闭邮箱]",
"[\\ud83d\\udce8]" : "[传入中的邮件]",
"[\\ud83d\\udce7]" : "[电邮]",
"[\\ud83d\\udce6]" : "[包裹]",
"[\\ud83d\\udce5]" : "[收件箱]",
"[\\ud83d\\udce4]" : "[发件箱]",
"[\\ud83d\\udcdf]" : "[传呼机]",
"[\\ud83d\\udcde]" : "[电话听筒]",
"[\\ud83d\\udcdc]" : "[卷轴]",
"[\\ud83d\\udcdb]" : "[胸章]",
"[\\ud83d\\udcda]" : "[书]",
"[\\ud83d\\udcd9]" : "[橙色书]",
"[\\ud83d\\udcd8]" : "[蓝色书]",
"[\\ud83d\\udcd7]" : "[绿色书]",
"[\\ud83d\\udcd5]" : "[合着的书]",
"[\\ud83d\\udcd4]" : "[记事本]",
"[\\ud83d\\udcd3]" : "[记事本]",
"[\\ud83d\\udcd2]" : "[总账]",
"[\\ud83d\\udcd1]" : "[选项卡]",
"[\\ud83d\\udcd0]" : "[三角尺]",
"[\\ud83d\\udccf]" : "[直尺]",
"[\\ud83d\\udcce]" : "[回形针]",
"[\\ud83d\\udccd]" : "[圆图钉]",
"[\\ud83d\\udccc]" : "[图钉]",
"[\\ud83d\\udccb]" : "[剪切板]",
"[\\ud83d\\udcca]" : "[柱状图]",
"[\\ud83d\\udcc9]" : "[下滑走势]",
"[\\ud83d\\udcc8]" : "[上扬走势]",
"[\\ud83d\\udcc7]" : "[卡片索引]",
"[\\ud83d\\udcc6]" : "[撕页日历]",
"[\\ud83d\\udcc5]" : "[日历]",
"[\\ud83d\\udcc4]" : "[文档]",
"[\\ud83d\\udcc3]" : "[卷轴文档]",
"[\\ud83d\\udcc2]" : "[开文件夹]",
"[\\ud83d\\udcc1]" : "[闭文件夹]",
"[\\ud83d\\udcbe]" : "[软盘]",
"[\\ud83d\\udcb8]" : "[钱]",
"[\\ud83d\\udcb7]" : "[英镑]",
"[\\ud83d\\udcb6]" : "[欧元]",
"[\\ud83d\\udcb5]" : "[美元]",
"[\\ud83d\\udcb4]" : "[日元]",
"[\\ud83d\\udcb3]" : "[信用卡]",
"[\\ud83d\\udcb2]" : "[美元符号]",
"[\\ud83d\\udcaf]" : "[一百分]",
"[\\ud83d\\udcae]" : "[白花]",
"[\\ud83d\\udcad]" : "[气球]",
"[\\ud83d\\udcac]" : "[发言]",
"[\\ud83d\\udcab]" : "[头晕]",
"[\\ud83d\\udca7]" : "[小滴]",
"[\\ud83d\\udca5]" : "[碰撞]",
"[\\ud83d\\udca0]" : "[钻石]",
"[\\ud83d\\udc9e]" : "[心]",
"[\\ud83d\\udc96]" : "[闪亮的心]",
"[\\ud83d\\udc95]" : "[两颗心]",
"[\\ud83d\\udc93]" : "[跳动的心]",
"[\\ud83d\\udc8c]" : "[情书]",
"[\\ud83d\\udc7a]" : "[日本妖精]",
"[\\ud83d\\udc79]" : "[日本怪物]",
"[\\ud83d\\udc70]" : "[新娘面纱]",
"[\\ud83d\\udc6d]" : "[两个女人]",
"[\\ud83d\\udc6c]" : "[两个男人]",
"[\\ud83d\\udc6a]" : "[一家人]",
"[\\ud83d\\udc65]" : "[侧影]",
"[\\ud83d\\udc64]" : "[破产]",
"[\\ud83d\\udc5e]" : "[男鞋]",
"[\\ud83d\\udc5d]" : "[小袋]",
"[\\ud83d\\udc5b]" : "[钱包]",
"[\\ud83d\\udc5a]" : "[女装]",
"[\\ud83d\\udc56]" : "[牛仔裤]",
"[\\ud83d\\udc53]" : "[眼镜]",
"[\\ud83d\\udc45]" : "[舌头]",
"[\\ud83d\\udc3e]" : "[爪印]",
"[\\ud83d\\udc3d]" : "[猪鼻子]",
"[\\ud83d\\udc3c]" : "[熊猫]",
"[\\ud83d\\udc32]" : "[龙]",
"[\\ud83d\\udc2a]" : "[单峰驼]",
"[\\ud83d\\udc29]" : "[狮子狗]",
"[\\ud83d\\udc25]" : "[小鸡]",
"[\\ud83d\\udc23]" : "[孵小鸡]",
"[\\ud83d\\udc22]" : "[龟]",
"[\\ud83d\\udc21]" : "[河豚]",
"[\\ud83d\\udc1e]" : "[瓢虫]",
"[\\ud83d\\udc1d]" : "[蜜蜂]",
"[\\ud83d\\udc1c]" : "[蚂蚁]",
"[\\ud83d\\udc16]" : "[猪]",
"[\\ud83d\\udc15]" : "[狗]",
"[\\ud83d\\udc13]" : "[公鸡]",
"[\\ud83d\\udc10]" : "[山羊]",
"[\\ud83d\\udc0f]" : "[绵羊]",
"[\\ud83d\\udc0c]" : "[蜗牛]",
"[\\ud83d\\udc0b]" : "[鲸]",
"[\\ud83d\\udc0a]" : "[鳄鱼]",
"[\\ud83d\\udc09]" : "[龙]",
"[\\ud83d\\udc08]" : "[猫]",
"[\\ud83d\\udc07]" : "[兔子]",
"[\\ud83d\\udc06]" : "[豹]",
"[\\ud83d\\udc05]" : "[虎]",
"[\\ud83d\\udc04]" : "[奶牛]",
"[\\ud83d\\udc03]" : "[水牛]",
"[\\ud83d\\udc02]" : "[牛]",
"[\\ud83d\\udc01]" : "[老鼠]",
"[\\ud83d\\udc00]" : "[野兔]",
"[\\ud83c\\udfee]" : "[灯笼]",
"[\\ud83c\\udfe4]" : "[欧洲邮局]",
"[\\ud83c\\udfe1]" : "[花园房]",
"[\\ud83c\\udfc9]" : "[橄榄球]",
"[\\ud83c\\udfc7]" : "[赛马]",
"[\\ud83c\\udfc2]" : "[滑雪]",
"[\\ud83c\\udfbd]" : "[跑步衬衫]",
"[\\ud83c\\udfbc]" : "[曲谱]",
"[\\ud83c\\udfbb]" : "[提琴]",
"[\\ud83c\\udfb9]" : "[键盘]",
"[\\ud83c\\udfb4]" : "[花打牌]",
"[\\ud83c\\udfb3]" : "[保龄球]",
"[\\ud83c\\udfb2]" : "[骰子]",
"[\\ud83c\\udfae]" : "[游戏柄]",
"[\\ud83c\\udfad]" : "[演艺]",
"[\\ud83c\\udfaa]" : "[帐篷]",
"[\\ud83c\\udfa3]" : "[钓竿]",
"[\\ud83c\\udfa0]" : "[旋转木马]",
"[\\ud83c\\udf8b]" : "[七夕节树]",
"[\\ud83c\\udf8a]" : "[五彩纸]",
"[\\ud83c\\udf7c]" : "[奶瓶]",
"[\\ud83c\\udf79]" : "[热带饮料]",
"[\\ud83c\\udf77]" : "[酒杯]",
"[\\ud83c\\udf6f]" : "[蜜罐]",
"[\\ud83c\\udf6e]" : "[奶黄]",
"[\\ud83c\\udf6d]" : "[棒棒糖]",
"[\\ud83c\\udf6c]" : "[糖果]",
"[\\ud83c\\udf6b]" : "[巧克力]",
"[\\ud83c\\udf6a]" : "[饼干]",
"[\\ud83c\\udf69]" : "[甜甜圈]",
"[\\ud83c\\udf68]" : "[冰激凌]",
"[\\ud83c\\udf65]" : "[鱼糕]",
"[\\ud83c\\udf64]" : "[炸虾]",
"[\\ud83c\\udf60]" : "[烤山芋]",
"[\\ud83c\\udf57]" : "[鸡腿]",
"[\\ud83c\\udf56]" : "[骨头肉]",
"[\\ud83c\\udf55]" : "[皮萨]",
"[\\ud83c\\udf52]" : "[樱桃]",
"[\\ud83c\\udf51]" : "[桃子]",
"[\\ud83c\\udf50]" : "[梨]",
"[\\ud83c\\udf4f]" : "[青苹果]",
"[\\ud83c\\udf4d]" : "[菠萝]",
"[\\ud83c\\udf4c]" : "[香蕉]",
"[\\ud83c\\udf4b]" : "[柠檬]",
"[\\ud83c\\udf48]" : "[香瓜]",
"[\\ud83c\\udf47]" : "[葡萄]",
"[\\ud83c\\udf44]" : "[蘑菇]",
"[\\ud83c\\udf3f]" : "[香草]",
"[\\ud83c\\udf3d]" : "[棒子]",
"[\\ud83c\\udf3c]" : "[开花]",
"[\\ud83c\\udf33]" : "[阔叶树]",
"[\\ud83c\\udf32]" : "[常青树]",
"[\\ud83c\\udf31]" : "[树苗]",
"[\\ud83c\\udf30]" : "[栗子]",
"[\\ud83c\\udf20]" : "[奔星]",
"[\\ud83c\\udf1e]" : "[太阳]",
"[\\ud83c\\udf1d]" : "[满月]",
"[\\ud83c\\udf1c]" : "[月亮]",
"[\\ud83c\\udf1b]" : "[月亮]",
"[\\ud83c\\udf1a]" : "[新月]",
"[\\ud83c\\udf18]" : "[月缺]",
"[\\ud83c\\udf17]" : "[下弦月]",
"[\\ud83c\\udf16]" : "[月渐残]",
"[\\ud83c\\udf15]" : "[满月]",
"[\\ud83c\\udf14]" : "[盈凸月]",
"[\\ud83c\\udf13]" : "[上弦月]",
"[\\ud83c\\udf12]" : "[新月]",
"[\\ud83c\\udf11]" : "[新月]",
"[\\ud83c\\udf10]" : "[经纬]",
"[\\ud83c\\udf0f]" : "[亚洲澳洲]",
"[\\ud83c\\udf0e]" : "[美洲]",
"[\\ud83c\\udf0d]" : "[欧洲非洲]",
"[\\ud83c\\udf0c]" : "[银河系]",
"[\\ud83c\\udf0b]" : "[火山]",
"[\\ud83c\\udf09]" : "[夜桥]",
"[\\ud83c\\udf01]" : "[有雾]",
"[\\ud83c\\ude51]" : "[象形文字]",
"[\\ud83c\\ude34]" : "[合]",
"[\\ud83c\\ude32]" : "[禁]",
"[\\ud83c\\udd98]" : "[急救]",
"[\\ud83c\\udd96]" : "[Ng]",
"[\\ud83c\\udd93]" : "[免费]",
"[\\ud83c\\udd91]" : "[氯]",
"[\\ud83c\\udccf]" : "[扑克牌]",
"[\\u25c0]" : "[指左三角]",
"[\\u2122]" : "[商标]",
"[\\ud83d\\udc63]" : "[足迹]",
"[\\ud83c\\udd7e]" : "[O]",
"[\\ud83c\\udd8e]" : "[AB]",
"[\\ud83c\\udd71]" : "[B]",
"[\\ud83c\\udd70]" : "[A]",
"[\\ud83d\\udc38]" : "[青蛙]",
"[\\ud83d\\udc2b]" : "[双峰驼]",
"[\\ud83d\\udc17]" : "[野猪]",
"[\\ud83d\\udc14]" : "[鸡]",
"[\\ud83d\\udc0d]" : "[蛇]",
"[\\ud83d\\udc30]" : "[兔子]",
"[\\ud83d\\udc2e]" : "[奶牛]",
"[\\ud83d\\udc3a]" : "[狼]",
"[\\ud83d\\udc11]" : "[羊]",
"[\\ud83d\\udc12]" : "[猴子]",
"[\\ud83d\\udc28]" : "[考拉]",
"[\\ud83d\\udc18]" : "[大象]",
"[\\ud83d\\udc1b]" : "[虫子]",
"[\\ud83d\\udc39]" : "[仓鼠]",
"[\\ud83d\\udc24]" : "[小鸡]",
"[\\ud83d\\udc20]" : "[热带鱼]",
"[\\ud83d\\udc26]" : "[鸟]",
"[\\ud83d\\udc2c]" : "[海豚]",
"[\\ud83d\\udc83]" : "[跳舞]",
"[\\ud83d\\udc82]" : "[卫兵]",
"[\\ud83d\\uddfd]" : "[自由女神]",
"[\\ud83d\\udc78]" : "[公主]",
"[\\ud83d\\udc77]" : "[建筑工人]",
"[\\ud83d\\udc76]" : "[小孩]",
"[\\ud83d\\udc75]" : "[老妇人]",
"[\\ud83d\\udc74]" : "[老爷爷]",
"[\\ud83d\\udc73]" : "[戴头巾的男人]",
"[\\ud83d\\udc72]" : "[男人]",
"[\\ud83d\\udc71]" : "[金色头发的人]",
"[\\ud83c\\uddf0\\ud83c\\uddf7]" : "[韩国国旗]",
"[\\ud83c\\udde8\\ud83c\\uddf3]" : "[中国国旗]",
"[\\ud83c\\uddf7\\ud83c\\uddfa]" : "[俄罗斯国旗]",
"[\\ud83c\\uddea\\ud83c\\uddf8]" : "[西班牙国旗]",
"[\\ud83c\\uddec\\ud83c\\udde7]" : "[英国国旗]",
"[\\ud83c\\uddee\\ud83c\\uddf9]" : "[意大利国旗]",
"[\\ud83c\\udde9\\ud83c\\uddea]" : "[德国国旗]",
"[\\ud83c\\uddeb\\ud83c\\uddf7]" : "[法国国旗]",
"[\\ud83c\\uddfa\\ud83c\\uddf8]" : "[美国国旗]",
"[\\ud83c\\uddef\\ud83c\\uddf5]" : "[日本国旗]",
"[\\ud83d\\uddfc]" : "[东京铁塔]",
"[\\ud83c\\udfed]" : "[工厂]",
"[\\ud83c\\udfa6]" : "[录像机]",
"[\\ud83c\\udff0]" : "[欧洲城堡]",
"[\\ud83c\\udfef]" : "[日本城堡]",
"[\\ud83c\\udfec]" : "[百货商店]",
"[\\ud83c\\udfa9]" : "[高帽]",
"[\\ud83c\\udfa8]" : "[调色板]",
"[\\ud83c\\udfe9]" : "[情侣酒馆]",
"[\\ud83c\\udf08]" : "[彩虹]",
"[\\ud83c\\udf03]" : "[夜空]",
"[\\ud83c\\udf07]" : "[日落]",
"[\\ud83c\\udf05]" : "[日出]",
"[\\ud83c\\udf85]" : "[圣诞老人]",
"[\\ud83c\\udf43]" : "[飘落叶]",
"[\\ud83c\\udf91]" : "[赏月]",
"[\\ud83c\\udf83]" : "[南瓜灯]",
"[\\ud83c\\udf3e]" : "[稻穗]",
"[\\ud83c\\udf00]" : "[旋风]",
"[\\ud83c\\udf90]" : "[风铃]",
"[\\ud83d\\udc1a]" : "[螺蛳]",
"[\\ud83c\\udf87]" : "[烟花爆竹]",
"[\\ud83c\\udf67]" : "[刨冰]",
"[\\ud83c\\udf0a]" : "[水波]",
"[\\ud83d\\udc92]" : "[婚礼]",
"[\\ud83c\\udf02]" : "[收起的伞]",
"[\\ud83c\\udf8f]" : "[鲤鱼流光]",
"[\\ud83c\\udf92]" : "[书包]",
"[\\ud83c\\udf93]" : "[学士帽]",
"[\\ud83c\\udf8e]" : "[日本娃娃]",
"[\\ud83d\\udc9d]" : "[心带]",
"[\\ud83c\\udf8d]" : "[松装饰]",
"[\\ud83d\\ude84]" : "[高铁]",
"[\\ud83d\\ude87]" : "[地铁]",
"[\\ud83c\\udfa2]" : "[过山车]",
"[\\ud83d\\ude93]" : "[警车]",
"[\\ud83d\\ude91]" : "[救护车]",
"[\\ud83d\\ude92]" : "[火警]",
"[\\ud83d\\ude9a]" : "[运货卡车]",
"[\\ud83d\\ude99]" : "[休闲车]",
"[\\ud83c\\udfca]" : "[游泳者]",
"[\\ud83c\\udfb1]" : "[台球]",
"[\\ud83c\\udfc8]" : "[美国足球]",
"[\\ud83c\\udfc0]" : "[篮球]",
"[\\ud83d\\udc6f]" : "[兔女郎]",
"[\\ud83d\\udc6b]" : "[男女牵手]",
"[\\ud83d\\ude4c]" : "[庆祝]",
"[\\ud83d\\ude47]" : "[深深鞠躬]",
"[\\ud83d\\udc91]" : "[在一起]",
"[\\ud83d\\ude46]" : "[OK]",
"[\\ud83d\\ude45]" : "[不友好]",
"[\\ud83d\\udc50]" : "[张开手]",
"[\\ud83d\\udc4e]" : "[鄙视]",
"[\\ud83d\\udc4c]" : "[OK]",
"[\\ud83d\\udc4f]" : "[鼓掌]",
"[\\ud83d\\udc4b]" : "[挥手]",
"[\\ud83d\\ude4f]" : "[双手合十]",
"[\\ud83d\\udc44]" : "[嘴]",
"[\\ud83d\\udc42]" : "[耳朵]",
"[\\ud83d\\udc43]" : "[鼻子]",
"[\\ud83d\\udc40]" : "[眼睛]",
"[\\ud83d\\ude18]" : "[飞吻]",
"[\\ud83d\\ude1a]" : "[亲吻]",
"[\\ud83d\\ude21]" : "[撅嘴]",
"[\\ud83d\\ude04]" : "[微笑]",
"[\\u263a]" : "[微笑]",
"[\\ud83d\\ude22]" : "[哭泣]",
"[\\ud83d\\ude02]" : "[喜极而泣]",
"[\\ud83d\\ude2d]" : "[大哭]",
"[\\ud83d\\ude32]" : "[惊讶]",
"[\\ud83d\\ude30]" : "[冷汗]",
"[\\ud83d\\ude12]" : "[不快乐]",
"[\\ud83d\\ude33]" : "[羞]",
"[\\ud83d\\ude37]" : "[戴口罩]",
"[\\ud83d\\ude28]" : "[可怕]",
"[\\ud83d\\ude0c]" : "[宽慰]",
"[\\ud83d\\ude1d]" : "[吐舌头]",
"[\\ud83d\\ude2a]" : "[昏昏欲睡]",
"[\\ud83d\\ude16]" : "[困惑]",
"[\\ud83d\\ude23]" : "[坚忍]",
"[\\ud83d\\ude09]" : "[眨眼]",
"[\\ud83d\\ude01]" : "[咧嘴笑]",
"[\\ud83d\\ude14]" : "[忧郁]",
"[\\ud83d\\ude0f]" : "[傻笑]",
"[\\ud83d\\ude25]" : "[失望而宽慰]",
"[\\ud83c\\udf72]" : "[锅]",
"[\\ud83c\\udf71]" : "[便当盒]",
"[\\ud83c\\udf82]" : "[生日蛋糕]",
"[\\ud83c\\udf46]" : "[茄子]",
"[\\ud83c\\udf45]" : "[西红柿]",
"[\\ud83c\\udf49]" : "[西瓜]",
"[\\ud83c\\udf53]" : "[草莓]",
"[\\ud83c\\udf4a]" : "[橘子]",
"[\\ud83c\\udf4e]" : "[红苹果]",
"[\\ud83c\\udf63]" : "[寿司]",
"[\\ud83c\\udf62]" : "[关东煮]",
"[\\ud83c\\udf59]" : "[饭团]",
"[\\ud83c\\udf5b]" : "[咖喱饭]",
"[\\ud83c\\udf5c]" : "[蒸菜]",
"[\\ud83c\\udf5d]" : "[意大利面条]",
"[\\ud83c\\udf5a]" : "[米饭]",
"[\\ud83c\\udf58]" : "[脆米饼]",
"[\\ud83c\\udf61]" : "[糖串]",
"[\\ud83c\\udf5f]" : "[炸薯条]",
"[\\ud83c\\udf66]" : "[软冰激凌]",
"[\\ud83c\\udf5e]" : "[面包]",
"[\\ud83c\\udf75]" : "[旧茶杯]",
"[\\u2755]" : "[白感叹号]",
"[\\u2754]" : "[白色问号]",
"[\\ud83c\\udf1f]" : "[星星]",
"[\\ud83d\\udca2]" : "[愤怒]",
"[\\u274c]" : "[交叉]",
"[\\u2b55]" : "[大圆圈]",
"[\\ud83d\\udca6]" : "[汗淋淋]",
"[\\ud83d\\udca8]" : "[冲撞]",
"[\\u2728]" : "[星星]",
"[\\ud83d\\udc9c]" : "[紫心]",
"[\\ud83d\\udc9b]" : "[黄心]",
"[\\ud83d\\udc9a]" : "[绿心]",
"[\\ud83d\\udc99]" : "[蓝心]",
"[\\ud83d\\udc98]" : "[一箭穿心]",
"[\\ud83d\\udc97]" : "[心中蔓延]",
"[\\ud83c\\udfb6]" : "[多音符]",
"[\\ud83d\\udd14]" : "[铃]",
"[\\ud83c\\udfac]" : "[场记板]",
"[\\ud83d\\udc5c]" : "[手提包]",
"[\\ud83d\\udc59]" : "[比基尼]",
"[\\ud83d\\udc58]" : "[和服]",
"[\\ud83d\\udc88]" : "[理发店]",
"[\\ud83d\\udc87]" : "[理发]",
"[\\ud83d\\udc86]" : "[脸部按摩]",
"[\\ud83d\\udc85]" : "[指甲油]",
"[\\ud83d\\udc84]" : "[口红]",
"[\\ud83d\\udc62]" : "[女靴]",
"[\\ud83d\\udc61]" : "[女凉鞋]",
"[\\ud83d\\udc57]" : "[连衣裙]",
"[\\ud83d\\udc52]" : "[女帽]",
"[\\ud83d\\udce3]" : "[欢呼]",
"[\\ud83d\\udcbd]" : "[小磁盘]",
"[\\u3299]" : "[秘密]",
"[\\ud83c\\udf80]" : "[勋表]",
"[\\u2702]" : "[剪刀]",
"[\\ud83c\\udf89]" : "[晚会礼花]",
"[\\ud83d\\udca3]" : "[地雷]",
"[\\ud83c\\udf88]" : "[气球]",
"[\\ud83d\\udc8a]" : "[胶囊]",
"[\\ud83d\\udeac]" : "[吸烟]",
"[\\u3297]" : "[祝]",
"[\\ud83c\\udf7b]" : "[啤酒杯]",
"[\\ud83c\\udf76]" : "[瓶和杯]",
"[\\ud83c\\udfa7]" : "[耳机]",
"[\\ud83d\\udebe]" : "[厕所]",
"[\\ud83c\\udf35]" : "[仙人掌]",
"[\\ud83c\\udf34]" : "[棕榈树]",
"[\\ud83d\\udc90]" : "[花束]",
"[\\ud83c\\udf3b]" : "[向日葵]",
"[\\ud83c\\udf37]" : "[郁金香]",
"[\\ud83c\\udf3a]" : "[木槿]",
"[\\ud83d\\udc54]" : "[领带]",
"[\\ud83d\\udcdd]" : "[备忘录]",
"[\\ud83d\\udc81]" : "[服务员]",
"[\\u26a0]" : "[警示]",
"[\\ud83d\\udcf4]" : "[手机关闭]",
"[\\ud83d\\udcf3]" : "[震动]",
"[\\256]" : "[圈R]",
"[\\251]" : "[圈C]",
"[\\ud83c\\udd97]" : "[OK]",
"[\\ud83d\\udd1d]" : "[置顶]",
"[\\u26ce]" : "[蛇夫星座]",
"[\\u2653]" : "[双鱼座]",
"[\\u2652]" : "[宝瓶座]",
"[\\u2651]" : "[摩羯座]",
"[\\u2650]" : "[射手座]",
"[\\u264f]" : "[天蝎座]",
"[\\u264e]" : "[天秤座]",
"[\\u264d]" : "[处女座]",
"[\\u264c]" : "[狮子座]",
"[\\u264b]" : "[巨蟹座]",
"[\\u264a]" : "[双子座]",
"[\\u2649]" : "[金牛座]",
"[\\u2648]" : "[]",
"[\\ud83d\\udd2f]" : "[六星向心]",
"[\\u23ea]" : "[指左的双三角]",
"[\\u23e9]" : "[指右的双三角]",
"[\\u25b6]" : "[指右的三角]",
"[\\u2199]" : "[西南]",
"[\\u2198]" : "[东南]",
"[\\u2196]" : "[西北]",
"[\\u2197]" : "[东北]",
"[\\u2b05]" : "[左]",
"[\\u27a1]" : "[右]",
"[\\u2b07]" : "[下]",
"[\\u2b06]" : "[上]",
"[\\ud83d\\udc49]" : "[指右]",
"[\\ud83d\\udc48]" : "[指左]",
"[\\ud83d\\udc47]" : "[指下]",
"[\\ud83d\\udc46]" : "[指上]",
"[\\ud83c\\ude3a]" : "[当]",
"[\\ud83c\\ude2f]" : "[指]",
"[\\ud83c\\ude33]" : "[空]",
"[\\ud83c\\ude35]" : "[满]",
"[\\ud83c\\udd94]" : "[ID]",
"[\\ud83c\\ude02]" : "[片甲sa]",
"[\\ud83c\\ude39]" : "[割]",
"[\\ud83c\\ude50]" : "[得]",
"[\\u0030\\u20e3]" : "[0]",
"[\\u30\\u20e3]" : "[0]",
"[\\u0039\\u20e3]" : "[9]",
"[\\u39\\u20e3]" : "[9]",
"[\\u0038\\u20e3]" : "[8]",
"[\\u38\\u20e3]" : "[8]",
"[\\u0037\\u20e3]" : "[7]",
"[\\u37\\u20e3]" : "[7]",
"[\\u0036\\u20e3]" : "[6]",
"[\\u36\\u20e3]" : "[6]",
"[\\u0035\\u20e3]" : "[5]",
"[\\u35\\u20e3]" : "[5]",
"[\\u0034\\u20e3]" : "[4]",
"[\\u34\\u20e3]" : "[4]",
"[\\u0033\\u20e3]" : "[3]",
"[\\u33\\u20e3]" : "[3]",
"[\\u0032\\u20e3]" : "[2]",
"[\\u32\\u20e3]" : "[2]",
"[\\u0031\\u20e3]" : "[1]",
"[\\u31\\u20e3]" : "[1]",
"[\\ud83d\\udd33]" : "[白框按钮]",
"[\\ud83d\\udd32]" : "[黑框按钮]",
"[\\ud83d\\udd34]" : "[大红圈]",
"[\\ud83c\\ude38]" : "[申]",
"[\\ud83c\\ude37]" : "[月]",
"[\\ud83c\\ude1a]" : "[无]",
"[\\ud83c\\ude36]" : "[有]",
"[\\ud83c\\udd92]" : "[cool]",
"[\\ud83c\\udd99]" : "[up]",
"[\\ud83c\\udd95]" : "[new]",
"[\\u27bf]" : "[两连弯]",
"[\\u0023\\u20e3]" : "[井号]",
"[\\u23\\u20e3]" : "[]",
"[\\u2663]" : "[梅花]",
"[\\u2660]" : "[黑桃]",
"[\\u2666]" : "[方块]",
"[\\u2665]" : "[红心]",
"[\\ud83d\\udcf6]" : "[天线信号]",
"[\\u267f]" : "[残疾人通道]",
"[\\ud83d\\udd30]" : "[新手]",
"[\\ud83d\\udead]" : "[禁止吸烟]",
"[\\ud83d\\udd1e]" : "[18禁]",
"[\\u2733]" : "[闪星]",
"[\\u2734]" : "[小星]",
"[\\ud83d\\udc9f]" : "[爱心]",
"[\\ud83c\\ude01]" : "[片假名]",
"[\\ud83d\\udea2]" : "[游船]",
"[\\ud83d\\udeb6]" : "[步行]",
"[\\ud83d\\ude95]" : "[出租车]",
"[\\ud83d\\ude8c]" : "[公交车]",
"[\\ud83c\\udfe8]" : "[酒店]",
"[\\ud83c\\udfeb]" : "[学校]",
"[\\ud83c\\udfea]" : "[便利店]",
"[\\ud83c\\udfe5]" : "[医院]",
"[\\ud83c\\udfe7]" : "[自动取款机]",
"[\\ud83c\\udfe3]" : "[邮政局]",
"[\\ud83d\\udc6e]" : "[警员]",
"[\\ud83d\\udebb]" : "[洗手间]",
"[\\ud83d\\ude8f]" : "[公交站]",
"[\\ud83c\\udd7f]" : "[停车处]",
"[\\ud83d\\udea5]" : "[红绿灯]",
"[\\ud83c\\udfe6]" : "[银行]",
"[\\ud83d\\udcaa]" : "[弯臂]",
"[\\ud83d\\udce1]" : "[卫星天线]",
"[\\ud83d\\udcb9]" : "[财经报表]",
"[\\ud83d\\udcb1]" : "[当日汇率]",
"[\\ud83d\\udcd6]" : "[书本]",
"[\\ud83c\\udf73]" : "[烹饪]",
"[\\ud83c\\udf06]" : "[都市风光]",
"[\\ud83d\\udd13]" : "[解锁]",
"[\\ud83d\\udd12]" : "[上锁]",
"[\\ud83c\\udf8c]" : "[旗子]",
"[\\ud83d\\udce2]" : "[扬声器]",
"[\\ud83d\\udd0a]" : "[大音量喇叭]",
"[\\ud83d\\udebd]" : "[马桶]",
"[\\ud83d\\udec0]" : "[浴缸]",
"[\\ud83d\\udc60]" : "[高跟鞋]",
"[\\u26a1]" : "[高压电]",
"[\\ud83d\\udca4]" : "[睡着]",
"[\\ud83d\\udc89]" : "[注射器]",
"[\\ud83d\\udebc]" : "[小孩]",
"[\\ud83d\\udeba]" : "[女士]",
"[\\ud83d\\udeb9]" : "[男士]",
"[\\ud83d\\udea7]" : "[施工中]",
"[\\ud83d\\udeb2]" : "[自行车]",
"[\\ud83d\\udea4]" : "[赛艇]",
"[\\ud83d\\udc0e]" : "[马]",
"[\\ud83c\\udfb0]" : "[老虎机]",
"[\\ud83c\\udfc1]" : "[赛车旗]",
"[\\ud83c\\udfc6]" : "[奖杯]",
"[\\ud83c\\udfaf]" : "[直中靶心]",
"[\\ud83d\\udcb0]" : "[钱袋]",
"[\\ud83c\\udd9a]" : "[VS]",
"[\\ud83c\\udc04]" : "[麻将红中]",
"[\\u303d]" : "[庵点]",
"[\\ud83d\\udc7e]" : "[外星怪物]",
"[\\ud83d\\udcfa]" : "[电视机]",
"[\\ud83d\\udcfc]" : "[录影带]",
"[\\ud83d\\udcfb]" : "[收音机]",
"[\\ud83d\\udcc0]" : "[DVD]",
"[\\ud83d\\udcbf]" : "[光盘]",
"[\\ud83c\\udfab]" : "[票单]",
"[\\ud83c\\udfa1]" : "[摩天轮]",
"[\\u2668]" : "[温泉]",
"[\\u26f2]" : "[喷泉]",
"[\\ud83c\\udf54]" : "[汉堡]",
"[\\ud83d\\udcba]" : "[座椅]",
"[\\ud83d\\udcbc]" : "[公文包]",
"[\\ud83d\\udd25]" : "[火焰]",
"[\\ud83d\\udc80]" : "[骷髅]",
"[\\ud83d\\udc7b]" : "[鬼魂]",
"[\\ud83d\\udc7f]" : "[小恶魔]",
"[\\ud83c\\udf42]" : "[落叶]",
"[\\ud83c\\udf41]" : "[枫叶]",
"[\\ud83c\\udf86]" : "[焰火]",
"[\\ud83d\\udd28]" : "[锤子]",
"[\\ud83c\\udfc3]" : "[跑步]",
"[\\ud83d\\udd0d]" : "[放大镜]",
"[\\ud83d\\udd2b]" : "[手枪]",
"[\\ud83c\\udf81]" : "[礼物]",
"[\\ud83d\\udc8f]" : "[亲亲]",
"[\\ud83c\\udf40]" : "[四叶草]",
"[\\ud83d\\udca1]" : "[电灯]",
"[\\ud83d\\udc51]" : "[皇冠]",
"[\\ud83d\\ude80]" : "[火箭]",
"[\\ud83d\\udc7d]" : "[外星人]",
"[\\ud83d\\udc37]" : "[猪头]",
"[\\ud83d\\udc19]" : "[章鱼]",
"[\\ud83d\\udc35]" : "[猴子]",
"[\\ud83d\\ude13]" : "[滴汗]",
"[\\ud83d\\ude31]" : "[惊悚]",
"[\\ud83d\\ude0d]" : "[着迷]",
"[\\ud83d\\ude1c]" : "[鬼脸]",
"[\\ud83d\\udcf2]" : "[手机]",
"[\\ud83d\\udce9]" : "[信封]",
"[\\ud83d\\udcee]" : "[邮箱]",
"[\\ud83d\\udceb]" : "[关着的信箱]",
"[\\ud83d\\udca9]" : "[便便]",
"[\\ud83d\\ude20]" : "[生气]",
"[\\ud83d\\ude1e]" : "[失望]",
"[\\ud83d\\ude03]" : "[笑脸]",
"[\\ud83d\\ude0a]" : "[笑脸]",
"[\\ud83d\\udc27]" : "[企鹅]",
"[\\ud83d\\udc33]" : "[鲸鱼]",
"[\\ud83d\\udc2d]" : "[老鼠]",
"[\\ud83d\\udc36]" : "[狗]",
"[\\ud83d\\udc3b]" : "[熊]",
"[\\ud83d\\udc2f]" : "[老虎]",
"[\\ud83d\\udc31]" : "[猫]",
"[\\ud83d\\udc7c]" : "[小天使]",
"[\\ud83c\\udf04]" : "[日出]",
"[\\ud83c\\udf19]" : "[月牙]",
"[\\u2614]" : "[雨伞]",
"[\\u2600]" : "[烈日]",
"[\\u2601]" : "[云]",
"[\\u26c4]" : "[雪人]",
"[\\ud83c\\udf7a]" : "[啤酒]",
"[\\ud83c\\udf70]" : "[蛋糕]",
"[\\u2615]" : "[热饮]",
"[\\ud83c\\udf78]" : "[鸡尾酒杯]",
"[\\ud83c\\udf74]" : "[刀叉]",
"[\\ud83c\\udfba]" : "[喇叭]",
"[\\ud83c\\udfb8]" : "[吉他]",
"[\\ud83c\\udfb7]" : "[萨克斯风]",
"[\\ud83d\\udd11]" : "[钥匙]",
"[\\ud83c\\udfb5]" : "[音符]",
"[\\ud83c\\udfa5]" : "[摄影机]",
"[\\ud83c\\udfa4]" : "[麦克风]",
"[\\ud83d\\uddfb]" : "[富士山]",
"[\\u26fd]" : "[加油站]",
"[\\ud83d\\ude89]" : "[车站]",
"[\\ud83c\\udfe2]" : "[办公楼]",
"[\\u26ea]" : "[教堂]",
"[\\ud83c\\udfe0]" : "[房子]",
"[\\ud83d\\udc8e]" : "[宝石]",
"[\\ud83d\\udc8d]" : "[戒指]",
"[\\ud83c\\udf84]" : "[圣诞树]",
"[\\ud83c\\udf39]" : "[玫瑰]",
"[\\ud83d\\udd31]" : "[三叉戟]",
"[\\ud83c\\udf38]" : "[樱花]",
"[\\ud83d\\udd5b]" : "[十二点钟]",
"[\\ud83d\\udd5a]" : "[十一点钟]",
"[\\ud83d\\udd59]" : "[十点钟]",
"[\\ud83d\\udd58]" : "[九点钟]",
"[\\ud83d\\udd57]" : "[八点钟]",
"[\\ud83d\\udd56]" : "[七点钟]",
"[\\ud83d\\udd55]" : "[六点钟]",
"[\\ud83d\\udd54]" : "[五点钟]",
"[\\ud83d\\udd53]" : "[四点钟]",
"[\\ud83d\\udd52]" : "[三点钟]",
"[\\ud83d\\udd51]" : "[两点钟]",
"[\\ud83d\\udd50]" : "[一点钟]",
"[\\ud83d\\udc94]" : "[心碎]",
"[\\u2764]" : "[爱心]",
"[\\ud83d\\ude85]" : "[高铁]",
"[\\ud83d\\ude83]" : "[地铁]",
"[\\u2708]" : "[飞机]",
"[\\u26f5]" : "[帆船]",
"[\\ud83d\\ude97]" : "[汽车]",
"[\\ud83d\\udc34]" : "[马]",
"[\\ud83d\\udc1f]" : "[小鱼]",
"[\\u26bd]" : "[足球]",
"[\\ud83c\\udfc4]" : "[冲浪]",
"[\\u26be]" : "[棒球]",
"[\\ud83c\\udfbe]" : "[网球]",
"[\\u26f3]" : "[杆旗]",
"[\\ud83c\\udfbf]" : "[滑雪装备]",
"[\\u270b]" : "[举掌]",
"[\\u270c]" : "[胜利]",
"[\\u270a]" : "[举拳]",
"[\\u261d]" : "[向上指]",
"[\\ud83d\\udc4d]" : "[举大拇指]",
"[\\ud83d\\udc4a]" : "[握拳]",
"[\\ud83d\\udcbb]" : "[个人电脑]",
"[\\ud83d\\udce0]" : "[传真机]",
"[\\ud83d\\udcf1]" : "[手机]",
"[\\u260e]" : "[红色电话]",
"[\\ud83d\\udcf7]" : "[相机]",
"[\\ud83d\\udc5f]" : "[运动鞋]",
"[\\ud83d\\udc55]" : "[T恤]",
"[\\ud83d\\udc69]" : "[女士]",
"[\\ud83d\\udc68]" : "[男士]",
"[\\ud83d\\udc8b]" : "[吻痕]",
"[\\ud83d\\udc67]" : "[女孩]",
"[\\ud83d\\udc66]" : "[男孩]",
"[\\u25cf]":"●",
"[\\u26ea\\ufe0f]":"[白教堂]",
"[\\u26fa\\ufe0f]":"[帐篷]",
"[\\u26f2\\ufe0f]":"[喷泉]",
"[\\u26f5\\ufe0f]":"[帆船]",
"[\\u2693\\ufe0f]":"[锚]",
"[\\u2708\\ufe0f]":"[飞机]",
"[\\u26a0\\ufe0f]":"[警告]",
"[\\u26fd\\ufe0f]":"[加油站]",
"[\\u2668\\ufe0f]":"[喝茶]",
"[\\u2b06\\ufe0f]":"[上]",
"[\\u2b07\\ufe0f]":"[下]",
"[\\u2b05\\ufe0f]":"[左]",
"[\\u27a1\\ufe0f]":"[右]",
"[\\u263a\\ufe0f]":"[微笑]",
"[\\u2600\\ufe0f]":"[太阳]"
}