{"[\\ud83c\\uddef][\\ud83c\\uddf5]":"[日本国旗]",
"[\\ud83c\\uddf0][\\ud83c\\uddf7]":"[韩国国旗]",
"[\\ud83c\\udde9][\\ud83c\\uddea]":"[德国国旗]",
"[\\ud83c\\udde8][\\ud83c\\uddf3]":"[中国国旗]",
"[\\ud83c\\uddfa][\\ud83c\\uddf8]":"[美国国旗]",
"[\\ud83c\\uddeb][\\ud83c\\uddf7]":"[法国国旗]",
"[\\ud83c\\uddea][\\ud83c\\uddf8]":"[西班牙国旗]",
"[\\ud83c\\uddee][\\ud83c\\uddf9]":"[意大利国旗]",
"[\\ud83c\\uddf7][\\ud83c\\uddfa]":"[俄罗斯国旗]",
"[\\ud83c\\uddec][\\ud83c\\udde7]":"[英国国旗]"
}