{
"自拍":"hmjz_自拍",
"耍酷":"hmjz_自拍",
"自恋":"hmjz_自拍",
"臭美":"hmjz_自拍",
"对不起":"hmjz_对不起",
"sorry":"hmjz_对不起",
"我错了":"hmjz_对不起",
"颤抖":"hmjz_颤抖",
"害怕":"hmjz_颤抖",
"抽烟":"hmjz_抽烟",
"寂寞":"hmjz_抽烟",
"伐开心":"hmjz_伐开心",
"不开心":"hmjz_伐开心",
"开枪":"hmjz_开枪",
"别逼我":"hmjz_开枪",
"吐":"hmjz_吐",
"好恶心":"hmjz_吐",
"噩耗":"hmjz_噩耗",
"吓死我了":"hmjz_噩耗",
"嚣张":"hmjz_嚣张",
"干我啊":"hmjz_嚣张",
"duang":"hmjz_duang",
"给钱":"hmjz_给钱",
"sb":"hmjz_sb",
"傻逼":"hmjz_sb",
"偷看":"hmjz_偷看",
"害羞":"hmjz_偷看",
"带我飞":"hmjz_带我飞",
"犯贱":"hmjz_犯贱",
"撕逼":"hmjz_撕逼",
"占便宜":"hmjz_占便宜",
"吃豆腐":"hmjz_占便宜",
"乱摸":"hmjz_占便宜",
"辣条":"hmjz_辣条",
"吹牛":"hmjz_吹牛",
"吹牛逼":"hmjz_吹牛",
"响屁":"hmjz_响屁",
"放屁":"hmjz_响屁",
"不约":"hmjz_不约",
"色诱":"hmjz_色诱",
"摸屁股":"hmjz_摸屁股",
"小婊砸":"hmjz_小婊砸",
"我滚了":"hmjz_我滚了"
}