{
"Hello":"lt_Hello",
"嗨":"lt_Hello",
"哈喽":"lt_Hello",
"打招呼":"lt_Hello",
"你好":"lt_Hello",
"哈哈":"lt_哈哈",
"笑死我了":"lt_哈哈",
"对不起":"lt_对不起",
"sorry":"lt_对不起",
"我错了":"lt_对不起",
"原谅我吧":"lt_对不起",
"为什么":"lt_为什么",
"为啥":"lt_为什么",
"不懂":"lt_为什么",
"奥耶":"lt_噢耶",
"哦也":"lt_噢耶",
"刺眼":"lt_刺眼",
"亮瞎了":"lt_刺眼",
"饱":"lt_饱",
"好饱":"lt_饱",
"呸":"lt_呸",
"我呸":"lt_呸",
"晚安":"lt_晚安",
"姑奶":"lt_晚安",
"嚣张":"lt_嚣张",
"雷人":"lt_雷人",
"惊讶":"lt_惊讶",
"my god":"lt_惊讶",
"心碎":"lt_心碎",
"好伤心":"lt_心碎",
"好忧伤":"lt_心碎",
"膜拜":"lt_膜拜",
"牛逼":"lt_膜拜",
"羞涩":"lt_羞涩",
"好害羞":"lt_羞涩",
"太黄了":"lt_羞涩",
"给跪":"lt_给跪",
"拥抱":"lt_拥抱",
"抱抱":"lt_拥抱",
"干的漂亮":"lt_干得漂亮",
"good job":"lt_干得漂亮",
"不要哇":"lt_不要哇",
"安慰":"lt_安慰",
"开心一点":"lt_安慰"
}