{
"挤公交":"nn_挤公交",
"去上班":"nn_挤公交",
"坐公交":"nn_挤公交",
"怒":"nn_生气",
"去死":"nn_生气",
"找死":"nn_生气",
"气死我了":"nn_生气",
"生气":"nn_生气",
"晕":"nn_晕",
"我晕":"nn_晕",
"不懂":"nn_晕",
"哼":"nn_哼",
"嗯哼":"nn_哼",
"不理你":"nn_哼",
"抱抱":"nn_抱抱",
"求抱抱":"nn_抱抱",
"拥抱":"nn_抱抱",
"好想你":"nn_抱抱",
"别惹我":"nn_别惹我",
"找死":"nn_别惹我",
"逛街":"nn_逛街",
"好漂亮":"nn_漂亮",
"漂亮":"nn_漂亮",
"好美":"nn_漂亮",
"美":"nn_漂亮",
"照镜子":"nn_漂亮",
"吃东西":"nn_吃东西",
"吃饭":"nn_吃东西",
"怕怕":"nn_怕怕",
"好害怕":"nn_怕怕",
"吓死我了":"nn_怕怕",
"无语":"nn_无语",
"。。。":"nn_无语",
"...":"nn_无语",
"安慰":"nn_安慰",
"拍拍":"nn_安慰",
"别哭了":"nn_安慰",
"急匆匆":"nn_急匆匆",
"快走":"nn_急匆匆",
"没时间":"nn_急匆匆",
"快跑":"nn_急匆匆",
"天使":"nn_天使",
"芭蕾舞":"nn_天使",
"女王":"nn_女王",
"服不服":"nn_女王",
"我错了":"nn_我错了",
"sorry":"nn_我错了",
"对不起":"nn_我错了",
"不好意思":"nn_我错了",
"别说了":"nn_别说了",
"闭嘴":"nn_别说了",
"别惹我":"nn_别说了",
"热":"nn_热",
"好热":"nn_热",
"热死了":"nn_热",
"唱歌":"nn_唱歌",
"听音乐":"nn_唱歌",
"庆祝":"nn_庆祝",
"yes":"nn_庆祝",
"击掌":"nn_庆祝",
"爱心":"nn_爱心",
"看电影":"nn_看电影",
"郊游":"nn_郊游",
"睡觉":"nn_睡觉",
"睡觉":"nn_睡觉",
"睡觉":"nn_睡觉"
}