{
"我想静静":"xxykx_想静静",
"别管我":"xxykx_想静静",
"别理我":"xxykx_想静静",
"发呆":"xxykx_发呆",
"害羞":"xxykx_发呆",
"偷瞄":"xxykx_偷瞄",
"偷看":"xxykx_偷瞄",
"交给我吧":"xxykx_交给我吧",
"没问题":"xxykx_交给我吧",
"品酒":"xxykx_品酒",
"来一杯":"xxykx_品酒",
"肾6":"[xxykx_肾6",
"苹果":"[xxykx_肾6",
"ok啦":"xxykx_ok啦",
"包在我身上":"xxykx_ok啦",
"No problem":"xxykx_Noproblem",
"好的":"xxykx_Noproblem",
"自信爆棚":"xxykx_自信爆棚",
"力量爆棚":"xxykx_力量爆棚",
"约吗":"xxykx_约吗",
"问题来了":"xxykx_问题来了",
"那么问题来了":"xxykx_问题来了",
"交个朋友":"xxykx_交个朋友",
"有钱任性":"xxykx_交个朋友",
"换水高手":"xxykx_换水高手",
"逗比微笑":"xxykx_逗比微笑",
"嘿嘿":"xxykx_逗比微笑",
"嘻嘻":"xxykx_逗比微笑",
"送你玫瑰":"xxykx_送你玫瑰",
"魔术达人":"xxykx_魔术达人",
"一起摇摆":"xxykx_一起摇摆",
"唱歌":"xxykx_一起摇摆",
"动次打次":"xxykx_动次打次",
"广场舞":"xxykx_动次打次",
"欠扁":"xxykx_欠扁",
"来抓我啊":"xxykx_欠扁",
"卖萌":"xxykx_卖萌",
"吐舌头":"xxykx_卖萌",
"回眸":"xxykx_回眸"
}