{
"么么哒":"XXYD_么么哒",
"飞吻":"XXYD_么么哒",
"得意":"XXYD_得意",
"开心":"XXYD_得意",
"流口水":"XXYD_流口水",
"美女":"XXYD_流口水",
"好漂亮":"XXYD_流口水",
"害羞":"XXYD_害羞",
"羞羞":"XXYD_害羞",
"大笑":XXYD_大笑",
"哈哈":XXYD_大笑",
"大哭":"XXYD_大哭",
"闭嘴":"XXYD_闭嘴",
"别说了":"XXYD_闭嘴",
"发怒":"XXYD_发怒",
"逗你玩":"XXYD_逗你玩",
"暗爽":"XXYD_暗爽",
"哼":"XXYD_哼",
"嗯哼":"XXYD_哼",
"滴汗":"XXYD_滴汗",
"我汗":"XXYD_滴汗",
"难过":"XXYD_难过",
"好委屈":"XXYD_难过",
"尴尬":"XXYD_尴尬",
"无语":"XXYD_尴尬",
"抓狂":"XXYD_抓狂",
"疑惑":"XXYD_疑惑",
"咦":"XXYD_疑惑",
"为什么":"XXYD_疑惑",
"困":"XXYD_困",
"好困":"XXYD_困",
"思考":"XXYD_思考",
"让我想想":"XXYD_思考",
"唱歌":"XXYD_唱歌",
"装酷":"XXYD_装酷",
"惊吓":"XXYD_惊吓",
"不可能":"XXYD_惊吓",
"难以置信":"XXYD_惊吓",
"拜拜":"XXYD_Byebye",
"再见":"XXYD_Byebye"
}