{"你好" : "xxy_打招呼",
"hi":"xxy_打招呼",
"HI":"xxy_打招呼",
"hello":"xxy_打招呼",
"Hello":"xxy_打招呼",
"嗨":"xxy_打招呼",
"HELLO":"xxy_打招呼",
"哈喽":"xxy_打招呼",
"打招呼":"xxy_打招呼",
"赞":"xxy_赞",
"棒":"xxy_赞",
"厉害":"xxy_赞",
"强":"xxy_赞",
"得瑟":"xxy_得瑟",
"开心":"xxy_开心",
"哈哈":"xxy_大笑",
"大笑":"xxy_大笑",
"帅":"xxy_帅",
"超人来啦":"xxy_超人来啦",
"超人":"xxy_超人来啦",
"蒙面超人":"xxy_蒙面超人",
"棒棒糖":"xxy_棒棒糖",
"童年":"xxy_童年",
"足球":"xxy_足球",
"踢球":"xxy_足球",
"唱歌":"xxy_唱歌",
"K歌":"xxy_唱歌",
"海盗":"xxy_海盗",
"什么" : "xxy_什么意思",
"啊？" : "xxy_什么意思",
"什么意思" : "xxy_什么意思",
"傻笑":"xxy_傻笑",
"恩" : "xxy_嗯哼",
"哼" : "xxy_嗯哼",
"嗯哼" : "xxy_嗯哼",
"大哭":"xxy_大哭",
"555":"xxy_大哭",
"呜呜":"xxy_大哭",
"装可怜":"xxy_装可怜",
"吃饱了":"xxy_吃饱了",
"好饱":"xxy_吃饱了",
"嘲笑":"xxy_嘲笑",
"呵呵":"xxy_嘲笑",
"跪求":"xxy_跪求",
"求求你":"xxy_跪求",
"喷鼻血":"xxy_喷鼻血",
"美女":"xxy_喷鼻血",
"无语" : "xxy_无语",
"郁闷" : "xxy_郁闷",
"弱爆了":"xxy_弱爆了",
"怒" : "xxy_狂怒",
"受够了":"xxy_受够了",
"气死我了":"xxy_受够了",
"走开" : "xxy_远点",
"滚" : "xxy_远点",
"闪人" : "xxy_远点",
"远点" : "xxy_远点",
"捏":"xxy_捏",
"捏捏":"xxy_捏",
"干掉你":"xxy_干掉你",
"剪掉":"xxy_剪掉",
"害怕" : "xxy_害怕",
"怕怕" : "xxy_害怕",
"害羞" : "xxy_害羞扭",
"害羞扭" : "xxy_害羞扭",
"费劲":"xxy_费劲",
"好难":"xxy_费劲",
"得意":"xxy_得意",
"睡觉" : "xxy_睡觉",
"晚安" : "xxy_睡觉",
"擦汗":"xxy_擦汗",
"我去":"xxy_擦汗",
"我了个去":"xxy_擦汗",
"困" : "xxy_困",
"困了" : "xxy_困",
"无聊" : "xxy_无聊",
"加班":"xxy_加班",
"工作":"xxy_工作",
"晕" : "xxy_晕",
"我晕" : "xxy_晕",
"倒" : "xxy_倒",
"我倒" : "xxy_倒",
"失落" : "xxy_失落",
"不开心" : "xxy_失落",
"伐开心" : "xxy_失落",
"落魄":"xxy_落魄",
"汗" : "xxy_汗"
}