{
"你好":"zdz_你好",
"嗨":"zdz_你好",
"哈喽":"zdz_你好",
"打招呼":"zdz_你好",
"你好":"zdz_你好",
"哈哈":"zdz_哈哈",
"笑死我了":"zdz_哈哈",
"对不起":"zdz_对不起",
"sorry":"zdz_对不起",
"我错了":"zdz_对不起",
"原谅我吧":"zdz_对不起",
"大哭":"zdz_大哭",
"呜呜":"zdz_大哭",
"要哭了":"zdz_大哭",
"亲吻":"zdz_亲吻",
"kiss me":"zdz_亲吻",
"亲亲":"zdz_亲吻",
"喷人":"zdz_喷人",
"喷你":"zdz_喷人",
"睡觉":"zdz_睡觉",
"惊吓":"zdz_惊吓",
"吓裂":"zdz_惊吓",
"吓死我了":"zdz_惊吓",
"什么鬼":"zdz_什么鬼",
"委屈":"zdz_委屈",
"告你妈":"zdz_委屈",
"再见":"zdz_再见",
"good bye":"zdz_再见",
"拜拜":"zdz_再见",
"白白":"zdz_再见",
"啧啧":"zdz_啧啧",
"矮油":"zdz_啧啧",
"无奈":"zdz_无奈",
"你揍凯":"zdz_你揍凯",
"滚":"zdz_你揍凯",
"你愁啥":"zdz_你瞅啥",
"不懂":"zdz_不懂",
"嗯？":"zdz_不懂"
}