{"嘿嘿":"df_嘿嘿",
"嘻嘻":"df_嘿嘿",
"hi":"df_打招呼",
"HI":"df_打招呼",
"hello":"df_打招呼",
"Hello":"df_打招呼",
"HELLO":"df_打招呼",
"你好":"df_打招呼",
"嗨":"df_打招呼",
"哈喽":"df_打招呼",
"到我碗里":"df_到我碗里来",
"快到碗里":"df_到我碗里来",
"来打我啊":"df_到我碗里来",
"花痴":"df_花痴",
"好帅":"df_花痴",
"帅":"df_帅",
"羞羞":"df_害羞",
"脸红":"df_害羞",
"害羞":"df_害羞",
"来玩啊":"df_来玩啊",
"来嘛":"df_来玩啊",
"求爱":"df_求爱",
"飞吻":"df_求爱",
"亲亲":"df_亲亲",
"么么哒":"df_么么哒",
"汗":"df_汗",
"我汗":"df_汗",
"干杯":"df_干杯",
"喝水":"df_干杯",
"疑问":"df_疑问",
"为什么":"df_疑问",
"不懂":"df_疑问",
"555":"df_哭",
"呜呜呜":"df_哭",
"哭":"df_哭",
"晕":"df_晕",
"我晕":"df_晕",
"累":"df_累",
"好累":"df_累",
"困":"df_累",
"无聊":"df_无聊",
"不开心":"df_失落",
"伐开心":"df_失落",
"失落":"df_失落",
"下雨了":"df_下雨了",
"雷人":"df_雷人",
"难以置信":"df_雷人",
"吓死我了":"df_雷人",
"怒":"df_怒",
"气死我了":"df_怒",
"生气":"df_怒",
"化妆":"df_化妆",
"打扮":"df_化妆",
"吐":"df_吐",
"好恶心":"df_吐",
"路痴":"df_路痴",
"不认路":"df_路痴"
}