[
    {
		"bankName":"建设银行储蓄卡","iconName":"recharge_bank_ccb","payChannel":"2404"
	},
	{
		"bankName":"招商银行储蓄卡","iconName":"recharge_bank_cmb","payChannel":"8123"
	},
	{
		"bankName":"邮储银行储蓄卡","iconName":"recharge_bank_psbc","payChannel":"2406"
	},
	{
		"bankName":"光大银行储蓄卡","iconName":"recharge_bank_ceb","payChannel":"2408"
	},
	{
		"bankName":"建设银行信用卡","iconName":"recharge_bank_ccb","payChannel":"0205"
	},	
	{
		"bankName":"农业银行信用卡","iconName":"recharge_bank_abc","payChannel":"0120"
	},
	{
		"bankName":"中国银行信用卡","iconName":"recharge_bank_boc","payChannel":"0130"
	},
	{
		"bankName":"招商银行信用卡","iconName":"recharge_bank_cmb","payChannel":"8003"
	},
	{
		"bankName":"邮储银行信用卡","iconName":"recharge_bank_psbc","payChannel":"8006"
	},
	{
		"bankName":"交通银行信用卡","iconName":"recharge_bank_comm","payChannel":"0141"
	},
	{
		"bankName":"光大银行信用卡","iconName":"recharge_bank_ceb","payChannel":"8008"
	},
	{
		"bankName":"浦发银行信用卡","iconName":"recharge_bank_spdb","payChannel":"8011"
	},
	{
		"bankName":"宁波银行信用卡","iconName":"recharge_bank_nbcb","payChannel":"8033"
	},
	{
		"bankName":"兴业银行信用卡","iconName":"recharge_bank_cib","payChannel":"8007"
	}
]