[ { "city" : [ { "key" : 1,
          "value" : "东城区"
        },
        { "key" : 2,
          "value" : "西城区"
        },
        { "key" : 3,
          "value" : "崇文区"
        },
        { "key" : 4,
          "value" : "宣武区"
        },
        { "key" : 5,
          "value" : "朝阳区"
        },
        { "key" : 6,
          "value" : "丰台区"
        },
        { "key" : 7,
          "value" : "石景山区"
        },
        { "key" : 8,
          "value" : "海淀区"
        },
        { "key" : 9,
          "value" : "门头沟区"
        },
        { "key" : 10,
          "value" : "房山区"
        },
        { "key" : 11,
          "value" : "通州区"
        },
        { "key" : 12,
          "value" : "顺义区"
        },
        { "key" : 13,
          "value" : "昌平区"
        },
        { "key" : 14,
          "value" : "大兴区"
        },
        { "key" : 15,
          "value" : "怀柔区"
        },
        { "key" : 16,
          "value" : "平谷区"
        },
        { "key" : 17,
          "value" : "密云县"
        },
        { "key" : 18,
          "value" : "延庆县"
        }
      ],
    "key" : 1,
    "province" : "北京"
  },
  { "city" : [ { "key" : 1,
          "value" : "黄浦区"
        },
        { "key" : 2,
          "value" : "卢湾区"
        },
        { "key" : 3,
          "value" : "徐汇区"
        },
        { "key" : 4,
          "value" : "长宁区"
        },
        { "key" : 5,
          "value" : "静安区"
        },
        { "key" : 6,
          "value" : "普陀区"
        },
        { "key" : 7,
          "value" : "闸北区"
        },
        { "key" : 8,
          "value" : "虹口区"
        },
        { "key" : 9,
          "value" : "杨浦区"
        },
        { "key" : 10,
          "value" : "闵行区"
        },
        { "key" : 11,
          "value" : "宝山区"
        },
        { "key" : 12,
          "value" : "嘉定区"
        },
        { "key" : 13,
          "value" : "浦东新区"
        },
        { "key" : 14,
          "value" : "金山区"
        },
        { "key" : 15,
          "value" : "松江区"
        },
        { "key" : 16,
          "value" : "青浦区"
        },
        { "key" : 17,
          "value" : "南汇区"
        },
        { "key" : 18,
          "value" : "奉贤区"
        },
        { "key" : 19,
          "value" : "崇明县"
        }
      ],
    "key" : 2,
    "province" : "上海"
  },
  { "city" : [ { "key" : 1,
          "value" : "和平区"
        },
        { "key" : 2,
          "value" : "河东区"
        },
        { "key" : 3,
          "value" : "河西区"
        },
        { "key" : 4,
          "value" : "南开区"
        },
        { "key" : 5,
          "value" : "河北区"
        },
        { "key" : 6,
          "value" : "红桥区"
        },
        { "key" : 7,
          "value" : "塘沽区"
        },
        { "key" : 8,
          "value" : "汉沽区"
        },
        { "key" : 9,
          "value" : "大港区"
        },
        { "key" : 10,
          "value" : "东丽区"
        },
        { "key" : 11,
          "value" : "西青区"
        },
        { "key" : 12,
          "value" : "津南区"
        },
        { "key" : 13,
          "value" : "北辰区"
        },
        { "key" : 14,
          "value" : "武清区"
        },
        { "key" : 15,
          "value" : "宝坻区"
        },
        { "key" : 16,
          "value" : "宁河县"
        },
        { "key" : 17,
          "value" : "静海县"
        },
        { "key" : 18,
          "value" : "蓟县"
        }
      ],
    "key" : 3,
    "province" : "天津"
  },
  { "city" : [ { "key" : 1,
          "value" : "万州区"
        },
        { "key" : 2,
          "value" : "涪陵区"
        },
        { "key" : 3,
          "value" : "渝中区"
        },
        { "key" : 4,
          "value" : "大渡口区"
        },
        { "key" : 5,
          "value" : "江北区"
        },
        { "key" : 6,
          "value" : "沙坪坝区"
        },
        { "key" : 7,
          "value" : "九龙坡区"
        },
        { "key" : 8,
          "value" : "南岸区"
        },
        { "key" : 9,
          "value" : "北碚区"
        },
        { "key" : 10,
          "value" : "万盛区"
        },
        { "key" : 11,
          "value" : "双桥区"
        },
        { "key" : 12,
          "value" : "渝北区"
        },
        { "key" : 13,
          "value" : "巴南区"
        },
        { "key" : 14,
          "value" : "黔江区"
        },
        { "key" : 15,
          "value" : "长寿区"
        },
        { "key" : 16,
          "value" : "綦江县"
        },
        { "key" : 17,
          "value" : "潼南县"
        },
        { "key" : 18,
          "value" : "铜梁县"
        },
        { "key" : 19,
          "value" : "大足县"
        },
        { "key" : 20,
          "value" : "荣昌县"
        },
        { "key" : 21,
          "value" : "璧山县"
        },
        { "key" : 22,
          "value" : "梁平县"
        },
        { "key" : 23,
          "value" : "城口县"
        },
        { "key" : 24,
          "value" : "丰都县"
        },
        { "key" : 25,
          "value" : "垫江县"
        },
        { "key" : 26,
          "value" : "武隆县"
        },
        { "key" : 27,
          "value" : "忠县"
        },
        { "key" : 28,
          "value" : "开县"
        },
        { "key" : 29,
          "value" : "云阳县"
        },
        { "key" : 30,
          "value" : "奉节县"
        },
        { "key" : 31,
          "value" : "巫山县"
        },
        { "key" : 32,
          "value" : "巫溪县"
        },
        { "key" : 33,
          "value" : "石柱县"
        },
        { "key" : 34,
          "value" : "秀山县"
        },
        { "key" : 35,
          "value" : "酉阳县"
        },
        { "key" : 36,
          "value" : "彭水县"
        },
        { "key" : 37,
          "value" : "江津市"
        },
        { "key" : 38,
          "value" : "合川市"
        },
        { "key" : 39,
          "value" : "永川市"
        },
        { "key" : 40,
          "value" : "南川市"
        }
      ],
    "key" : 4,
    "province" : "重庆"
  },
  { "city" : [ { "key" : 1,
          "value" : "杭州"
        },
        { "key" : 2,
          "value" : "宁波"
        },
        { "key" : 3,
          "value" : "温州"
        },
        { "key" : 4,
          "value" : "嘉兴"
        },
        { "key" : 5,
          "value" : "湖州"
        },
        { "key" : 6,
          "value" : "绍兴"
        },
        { "key" : 7,
          "value" : "金华"
        },
        { "key" : 8,
          "value" : "衢州"
        },
        { "key" : 9,
          "value" : "舟山"
        },
        { "key" : 10,
          "value" : "台州"
        },
        { "key" : 11,
          "value" : "丽水"
        }
      ],
    "key" : 5,
    "province" : "浙江"
  },
  { "city" : [ { "key" : 1,
          "value" : "南京"
        },
        { "key" : 2,
          "value" : "无锡"
        },
        { "key" : 3,
          "value" : "徐州"
        },
        { "key" : 4,
          "value" : "常州"
        },
        { "key" : 5,
          "value" : "苏州"
        },
        { "key" : 6,
          "value" : "南通"
        },
        { "key" : 7,
          "value" : "连云港"
        },
        { "key" : 8,
          "value" : "淮安"
        },
        { "key" : 9,
          "value" : "盐城"
        },
        { "key" : 10,
          "value" : "扬州"
        },
        { "key" : 11,
          "value" : "镇江"
        },
        { "key" : 12,
          "value" : "泰州"
        },
        { "key" : 13,
          "value" : "宿迁"
        }
      ],
    "key" : 6,
    "province" : "江苏"
  },
  { "city" : [ { "key" : 1,
          "value" : "广州"
        },
        { "key" : 2,
          "value" : "韶关"
        },
        { "key" : 3,
          "value" : "深圳"
        },
        { "key" : 4,
          "value" : "珠海"
        },
        { "key" : 5,
          "value" : "汕头"
        },
        { "key" : 6,
          "value" : "佛山"
        },
        { "key" : 7,
          "value" : "江门"
        },
        { "key" : 8,
          "value" : "湛江"
        },
        { "key" : 9,
          "value" : "茂名"
        },
        { "key" : 10,
          "value" : "肇庆"
        },
        { "key" : 11,
          "value" : "惠州"
        },
        { "key" : 12,
          "value" : "梅州"
        },
        { "key" : 13,
          "value" : "汕尾"
        },
        { "key" : 14,
          "value" : "河源"
        },
        { "key" : 15,
          "value" : "阳江"
        },
        { "key" : 16,
          "value" : "清远"
        },
        { "key" : 17,
          "value" : "东莞"
        },
        { "key" : 18,
          "value" : "中山"
        },
        { "key" : 19,
          "value" : "潮州"
        },
        { "key" : 20,
          "value" : "揭阳"
        },
        { "key" : 21,
          "value" : "云浮"
        }
      ],
    "key" : 7,
    "province" : "广东"
  },
  { "city" : [ { "key" : 1,
          "value" : "福州"
        },
        { "key" : 2,
          "value" : "厦门"
        },
        { "key" : 3,
          "value" : "莆田"
        },
        { "key" : 4,
          "value" : "三明"
        },
        { "key" : 5,
          "value" : "泉州"
        },
        { "key" : 6,
          "value" : "漳州"
        },
        { "key" : 7,
          "value" : "南平"
        },
        { "key" : 8,
          "value" : "龙岩"
        },
        { "key" : 9,
          "value" : "宁德"
        }
      ],
    "key" : 8,
    "province" : "福建"
  },
  { "city" : [ { "key" : 1,
          "value" : "长沙"
        },
        { "key" : 2,
          "value" : "株洲"
        },
        { "key" : 3,
          "value" : "湘潭"
        },
        { "key" : 4,
          "value" : "衡阳"
        },
        { "key" : 5,
          "value" : "邵阳"
        },
        { "key" : 6,
          "value" : "岳阳"
        },
        { "key" : 7,
          "value" : "常德"
        },
        { "key" : 8,
          "value" : "张家界"
        },
        { "key" : 9,
          "value" : "益阳"
        },
        { "key" : 10,
          "value" : "郴州"
        },
        { "key" : 11,
          "value" : "永州"
        },
        { "key" : 12,
          "value" : "怀化"
        },
        { "key" : 13,
          "value" : "娄底"
        },
        { "key" : 14,
          "value" : "湘西"
        }
      ],
    "key" : 9,
    "province" : "湖南"
  },
  { "city" : [ { "key" : 1,
          "value" : "武汉"
        },
        { "key" : 2,
          "value" : "黄石"
        },
        { "key" : 3,
          "value" : "十堰"
        },
        { "key" : 4,
          "value" : "宜昌"
        },
        { "key" : 5,
          "value" : "襄樊"
        },
        { "key" : 6,
          "value" : "鄂州"
        },
        { "key" : 7,
          "value" : "荆门"
        },
        { "key" : 8,
          "value" : "孝感"
        },
        { "key" : 9,
          "value" : "荆州"
        },
        { "key" : 10,
          "value" : "黄冈"
        },
        { "key" : 11,
          "value" : "咸宁"
        },
        { "key" : 12,
          "value" : "随州"
        },
        { "key" : 13,
          "value" : "恩施"
        },
        { "key" : 14,
          "value" : "仙桃"
        },
        { "key" : 15,
          "value" : "潜江"
        },
        { "key" : 16,
          "value" : "天门"
        },
        { "key" : 17,
          "value" : "神农架"
        }
      ],
    "key" : 10,
    "province" : "湖北"
  },
  { "city": [
                {
                    "key": 1,
                    "value": "沈阳"
                },
                {
                    "key": 2,
                    "value": "大连"
                },
                {
                    "key": 3,
                    "value": "鞍山"
                },
                {
                    "key": 4,
                    "value": "抚顺"
                },
                {
                    "key": 5,
                    "value": "本溪"
                },
                {
                    "key": 6,
                    "value": "丹东"
                },
                {
                    "key": 7,
                    "value": "锦州"
                },
                {
                    "key": 8,
                    "value": "营口"
                },
                {
                    "key": 9,
                    "value": "阜新"
                },
                {
                    "key": 10,
                    "value": "辽阳"
                },
                {
                    "key": 11,
                    "value": "盘锦"
                },
                {
                    "key": 12,
                    "value": "铁岭"
                },
                {
                    "key": 13,
                    "value": "朝阳"
                },
                {
                    "key": 14,
                    "value": "葫芦岛"
                }
            ],
    "key" : 11,
    "province" : "辽宁"
  },
  { "city" : [ { "key" : 1,
          "value" : "长春"
        },
        { "key" : 2,
          "value" : "吉林"
        },
        { "key" : 3,
          "value" : "四平"
        },
        { "key" : 4,
          "value" : "辽源"
        },
        { "key" : 5,
          "value" : "通化"
        },
        { "key" : 6,
          "value" : "白山"
        },
        { "key" : 7,
          "value" : "松原"
        },
        { "key" : 8,
          "value" : "白城"
        },
        { "key" : 9,
          "value" : "延边"
        }
      ],
    "key" : 12,
    "province" : "吉林"
  },
  { "city" : [ { "key" : 1,
          "value" : "哈尔滨"
        },
        { "key" : 2,
          "value" : "齐齐哈尔"
        },
        { "key" : 3,
          "value" : "鸡西"
        },
        { "key" : 4,
          "value" : "鹤岗"
        },
        { "key" : 5,
          "value" : "双鸭山"
        },
        { "key" : 6,
          "value" : "大庆"
        },
        { "key" : 7,
          "value" : "伊春"
        },
        { "key" : 8,
          "value" : "佳木斯"
        },
        { "key" : 9,
          "value" : "七台河"
        },
        { "key" : 10,
          "value" : "牡丹江"
        },
        { "key" : 11,
          "value" : "黑河"
        },
        { "key" : 12,
          "value" : "绥化"
        },
        { "key" : 13,
          "value" : "大兴安岭"
        }
      ],
    "key" : 13,
    "province" : "黑龙江"
  },
  { "city" : [ { "key" : 1,
          "value" : "石家庄"
        },
        { "key" : 2,
          "value" : "唐山"
        },
        { "key" : 3,
          "value" : "秦皇岛"
        },
        { "key" : 4,
          "value" : "邯郸"
        },
        { "key" : 5,
          "value" : "邢台"
        },
        { "key" : 6,
          "value" : "保定"
        },
        { "key" : 7,
          "value" : "张家口"
        },
        { "key" : 8,
          "value" : "承德"
        },
        { "key" : 9,
          "value" : "沧州"
        },
        { "key" : 10,
          "value" : "廊坊"
        },
        { "key" : 11,
          "value" : "衡水"
        }
      ],
    "key" : 14,
    "province" : "河北"
  },
  { "city" : [ { "key" : 1,
          "value" : "郑州"
        },
        { "key" : 2,
          "value" : "开封"
        },
        { "key" : 3,
          "value" : "洛阳"
        },
        { "key" : 4,
          "value" : "平顶山"
        },
        { "key" : 5,
          "value" : "安阳"
        },
        { "key" : 6,
          "value" : "鹤壁"
        },
        { "key" : 7,
          "value" : "新乡"
        },
        { "key" : 8,
          "value" : "焦作"
        },
        { "key" : 9,
          "value" : "濮阳"
        },
        { "key" : 10,
          "value" : "许昌"
        },
        { "key" : 11,
          "value" : "漯河"
        },
        { "key" : 12,
          "value" : "三门峡"
        },
        { "key" : 13,
          "value" : "南阳"
        },
        { "key" : 14,
          "value" : "商丘"
        },
        { "key" : 15,
          "value" : "信阳"
        },
        { "key" : 16,
          "value" : "周口"
        },
        { "key" : 17,
          "value" : "驻马店"
        },
        { "key" : 18,
          "value" : "济源"
        }
      ],
    "key" : 15,
    "province" : "河南"
  },
  { "city" : [ { "key" : 1,
          "value" : "济南"
        },
        { "key" : 2,
          "value" : "青岛"
        },
        { "key" : 3,
          "value" : "淄博"
        },
        { "key" : 4,
          "value" : "枣庄"
        },
        { "key" : 5,
          "value" : "东营"
        },
        { "key" : 6,
          "value" : "烟台"
        },
        { "key" : 7,
          "value" : "潍坊"
        },
        { "key" : 8,
          "value" : "济宁"
        },
        { "key" : 9,
          "value" : "泰安"
        },
        { "key" : 10,
          "value" : "威海"
        },
        { "key" : 11,
          "value" : "日照"
        },
        { "key" : 12,
          "value" : "莱芜"
        },
        { "key" : 13,
          "value" : "临沂"
        },
        { "key" : 14,
          "value" : "德州"
        },
        { "key" : 15,
          "value" : "聊城"
        },
        { "key" : 16,
          "value" : "滨州"
        },
        { "key" : 17,
          "value" : "菏泽"
        }
      ],
    "key" : 16,
    "province" : "山东"
  },
  { "city" : [ { "key" : 1,
          "value" : "西安"
        },
        { "key" : 2,
          "value" : "铜川"
        },
        { "key" : 3,
          "value" : "宝鸡"
        },
        { "key" : 4,
          "value" : "咸阳"
        },
        { "key" : 5,
          "value" : "渭南"
        },
        { "key" : 6,
          "value" : "延安"
        },
        { "key" : 7,
          "value" : "汉中"
        },
        { "key" : 8,
          "value" : "榆林"
        },
        { "key" : 9,
          "value" : "安康"
        },
        { "key" : 10,
          "value" : "商洛"
        }
      ],
    "key" : 17,
    "province" : "陕西"
  },
  { "city" : [ { "key" : 1,
          "value" : "兰州"
        },
        { "key" : 2,
          "value" : "嘉峪关"
        },
        { "key" : 3,
          "value" : "金昌"
        },
        { "key" : 4,
          "value" : "白银"
        },
        { "key" : 5,
          "value" : "天水"
        },
        { "key" : 6,
          "value" : "武威"
        },
        { "key" : 7,
          "value" : "张掖"
        },
        { "key" : 8,
          "value" : "平凉"
        },
        { "key" : 9,
          "value" : "酒泉"
        },
        { "key" : 10,
          "value" : "庆阳"
        },
        { "key" : 11,
          "value" : "定西"
        },
        { "key" : 12,
          "value" : "陇南"
        },
                {
                    "key": 13,
                    "value": "临夏"
                },
                {
                    "key": 14,
                    "value": "甘南"
                }
      ],
    "key" : 18,
    "province" : "甘肃"
  },
  { "city" : [ { "key" : 1,
          "value" : "西宁"
        },
        { "key" : 2,
          "value" : "海东"
        },
                        {
                    "key": 3,
                    "value": "海北"
                },
                {
                    "key": 4,
                    "value": "黄南"
                },
                {
                    "key": 5,
                    "value": "海南"
                },
                {
                    "key": 6,
                    "value": "果洛"
                },
                {
                    "key": 7,
                    "value": "玉树"
                },
                {
                    "key": 8,
                    "value": "海西"
                }
      ],
    "key" : 19,
    "province" : "青海"
  },
  { "city" : [ { "key" : 1,
          "value" : "乌鲁木齐"
        },
        { "key" : 2,
          "value" : "克拉玛依"
        },
                        {
                    "key": 3,

                    "value": "吐鲁番"
                },
                {
                    "key": 4,

                    "value": "哈密"
                },
                {
                    "key": 5,

                    "value": "昌吉"
                },
                {
                    "key": 6,

                    "value": "博尔塔拉"
                },
                {
                    "key": 7,

                    "value": "巴音郭楞"
                },
                {
                    "key": 8,

                    "value": "阿克苏"
                },
                {
                    "key": 9,

                    "value": "克孜勒苏"
                },
                {
                    "key": 10,

                    "value": "喀什"
                },
                {
                    "key": 11,

                    "value": "和田"
                },
                {
                    "key": 12,

                    "value": "伊犁"
                },
                {
                    "key": 13,

                    "value": "塔城"
                },
                {
                    "key": 14,

                    "value": "阿勒泰"
                },
                {
                    "key": 15,

                    "value": "石河子"
                },
                {
                    "key": 16,

                    "value": "阿拉尔"
                },
                {
                    "key": 17,

                    "value": "图木舒克"
                },
                {
                    "key": 18,

                    "value": "五家渠"
                }
      ],
    "key" : 20,
    "province" : "新疆"
  },
  { "city" : [ { "key" : 1,
          "value" : "太原"
        },
        { "key" : 2,
          "value" : "大同"
        },
        { "key" : 3,
          "value" : "阳泉"
        },
        { "key" : 4,
          "value" : "长治"
        },
        { "key" : 5,
          "value" : "晋城"
        },
        { "key" : 6,
          "value" : "朔州"
        },
        { "key" : 7,
          "value" : "晋中"
        },
        { "key" : 8,
          "value" : "运城"
        },
        { "key" : 9,
          "value" : "忻州 "
        },
        { "key" : 10,
          "value" : "临汾"
        },
        { "key" : 11,
          "value" : "吕梁"
        }
      ],
    "key" : 21,
    "province" : "山西"
  },
  { "city" : [ { "key" : 1,
          "value" : "成都"
        },
        { "key" : 2,
          "value" : "自贡"
        },
        { "key" : 3,
          "value" : "攀枝花"
        },
        { "key" : 4,
          "value" : "泸州"
        },
        { "key" : 5,
          "value" : "德阳"
        },
        { "key" : 6,
          "value" : "绵阳"
        },
        { "key" : 7,
          "value" : "广元"
        },
        { "key" : 8,
          "value" : "遂宁"
        },
        { "key" : 9,
          "value" : "内江"
        },
        { "key" : 10,
          "value" : "乐山"
        },
        { "key" : 11,
          "value" : "南充"
        },
        { "key" : 12,
          "value" : "眉山"
        },
        { "key" : 13,
          "value" : "宜宾"
        },
        { "key" : 14,
          "value" : "广安"
        },
        { "key" : 15,
          "value" : "达州"
        },
        { "key" : 16,
          "value" : "雅安"
        },
        { "key" : 17,
          "value" : "巴中"
        },
        { "key" : 18,
          "value" : "资阳"
        },
                {
                    "key": 19,

                    "value": "阿坝"
                },
                {
                    "key": 20,

                    "value": "甘孜"
                },
                {
                    "key": 21,

                    "value": "凉山"
                }
      ],
    "key" : 22,
    "province" : "四川"
  },
  { "city" : [ { "key" : 1,
          "value" : "贵阳"
        },
        { "key" : 2,
          "value" : "六盘水"
        },
        { "key" : 3,
          "value" : "遵义"
        },
        { "key" : 4,
          "value" : "安顺"
        },
                {
                    "key": 5,

                    "value": "铜仁"
                },
                {
                    "key": 6,

                    "value": "黔西南"
                },
                {
                    "key": 7,

                    "value": "毕节"
                },
                {
                    "key": 8,

                    "value": "黔东南"
                },
                {
                    "key": 9,

                    "value": "黔南"
                }
      ],
    "key" : 23,
    "province" : "贵州"
  },
  { "city" : [ { "key" : 1,
          "value" : "合肥"
        },
        { "key" : 2,
          "value" : "芜湖"
        },
        { "key" : 3,
          "value" : "蚌埠"
        },
        { "key" : 4,
          "value" : "淮南"
        },
        { "key" : 5,
          "value" : "马鞍山"
        },
        { "key" : 6,
          "value" : "淮北"
        },
        { "key" : 7,
          "value" : "铜陵"
        },
        { "key" : 8,
          "value" : "安庆"
        },
        { "key" : 9,
          "value" : "黄山"
        },
        { "key" : 10,
          "value" : "滁州"
        },
        { "key" : 11,
          "value" : "阜阳"
        },
        { "key" : 12,
          "value" : "宿州"
        },
        { "key" : 13,
          "value" : "巢湖"
        },
        { "key" : 14,
          "value" : "六安"
        },
        { "key" : 15,
          "value" : "亳州"
        },
        { "key" : 16,
          "value" : "池州"
        },
        { "key" : 17,
          "value" : "宣城"
        }
      ],
    "key" : 24,
    "province" : "安徽"
  },
  { "city" : [ { "key" : 1,
          "value" : "南昌"
        },
        { "key" : 2,
          "value" : "景德镇"
        },
        { "key" : 3,
          "value" : "萍乡"
        },
        { "key" : 4,
          "value" : "九江"
        },
        { "key" : 5,
          "value" : "新余"
        },
        { "key" : 6,
          "value" : "鹰潭"
        },
        { "key" : 7,
          "value" : "赣州"
        },
        { "key" : 8,
          "value" : "吉安"
        },
        { "key" : 9,
          "value" : "宜春"
        },
        { "key" : 10,
          "value" : "抚州"
        },
        { "key" : 11,
          "value" : "上饶"
        }
      ],
    "key" : 25,
    "province" : "江西"
  },
  { "city" : [ { "key" : 1,
          "value" : "昆明"
        },
        { "key" : 2,
          "value" : "曲靖"
        },
        { "key" : 3,
          "value" : "玉溪"
        },
        { "key" : 4,
          "value" : "保山"
        },
        { "key" : 5,
          "value" : "昭通"
        },
        { "key" : 6,
          "value" : "丽江"
        },
        { "key" : 7,
          "value" : "普洱"
        },
        { "key" : 8,
          "value" : "临沧"
        },
                       {
                    "key": 9,

                    "value": "楚雄"
                },
                {
                    "key": 10,

                    "value": "红河"
                },
                {
                    "key": 11,

                    "value": "文山"
                },
                {
                    "key": 12,

                    "value": "西双版纳"
                },
                {
                    "key": 13,

                    "value": "大理"
                },
                {
                    "key": 14,

                    "value": "德宏"
                },
                {
                    "key": 15,

                    "value": "怒江"
                },
                {
                    "key": 16,

                    "value": "迪庆"
                }
      ],
    "key" : 26,
    "province" : "云南"
  },
  { "city" : [ { "key" : 1,
          "value" : "呼和浩特"
        },
        { "key" : 2,
          "value" : "包头"
        },
        { "key" : 3,
          "value" : "乌海"
        },
        { "key" : 4,
          "value" : "赤峰"
        },
        { "key" : 5,
          "value" : "通辽"
        },
        { "key" : 6,
          "value" : "鄂尔多斯"
        },
        { "key" : 7,
          "value" : "呼伦贝尔"
        },
        { "key" : 8,
          "value" : "巴彦淖尔"
        },
        { "key" : 9,
          "value" : "乌兰察布"
        },
        { "key" : 10,
          "value" : "兴安盟"
        },
        { "key" : 11,
          "value" : "锡林郭勒盟"
        },
        { "key" : 12,
          "value" : "阿拉善盟"
        }
      ],
    "key" : 27,
    "province" : "内蒙古"
  },
  { "city" : [ { "key" : 1,
          "value" : "南宁"
        },
        { "key" : 2,
          "value" : "柳州"
        },
        { "key" : 3,
          "value" : "桂林"
        },
        { "key" : 4,
          "value" : "梧州"
        },
        { "key" : 5,
          "value" : "北海"
        },
        { "key" : 6,
          "value" : "防城港"
        },
        { "key" : 7,
          "value" : "钦州"
        },
        { "key" : 8,
          "value" : "贵港"
        },
        { "key" : 9,
          "value" : "玉林"
        },
        { "key" : 10,
          "value" : "百色"
        },
        { "key" : 11,
          "value" : "贺州"
        },
        { "key" : 12,
          "value" : "河池"
        },
        { "key" : 13,
          "value" : "来宾"
        },
        { "key" : 14,
          "value" : "崇左"
        }
      ],
    "key" : 28,
    "province" : "广西"
  },
  { "city" : [ { "key" : 1,
          "value" : "拉萨"
        },
{
                    "key": 2,

                    "value": "昌都"
                },
                {
                    "key": 3,

                    "value": "山南"
                },
                {
                    "key": 4,

                    "value": "日喀则"
                },
                {
                    "key": 5,

                    "value": "那曲"
                },
                {
                    "key": 6,

                    "value": "阿里"
                },
                {
                    "key": 7,

                    "value": "林芝"
                }
      ],
    "key" : 29,
    "province" : "西藏"
  },
  { "city" : [ { "key" : 1,
          "value" : "银川"
        },
        { "key" : 2,
          "value" : "石嘴山"
        },
        { "key" : 3,
          "value" : "吴忠"
        },
        { "key" : 4,
          "value" : "固原"
        },
        { "key" : 5,
          "value" : "中卫"
        }
      ],
    "key" : 30,
    "province" : "宁夏"
  },
  { "city" : [ { "key" : 1,
          "value" : "海口"
        },
        { "key" : 2,
          "value" : "三亚"
        },
        { "key" : 3,
          "value" : "五指山"
        },
        { "key" : 4,
          "value" : "琼海"
        },
        { "key" : 5,
          "value" : "儋州"
        },
        { "key" : 6,
          "value" : "文昌"
        },
        { "key" : 7,
          "value" : "万宁"
        },
        { "key" : 8,
          "value" : "东方"
        },
                        {
                    "key": 9,

                    "value": "定安"
                },
                {
                    "key": 10,

                    "value": "屯昌"
                },
                {
                    "key": 11,

                    "value": "澄迈"
                },
                {
                    "key": 12,

                    "value": "临高"
                },
                {
                    "key": 13,

                    "value": "白沙"
                },
                {
                    "key": 14,

                    "value": "昌江"
                },
                {
                    "key": 15,

                    "value": "乐东"
                },
                {
                    "key": 16,

                    "value": "陵水"
                },
                {
                    "key": 17,

                    "value": "保亭"
                },
                {
                    "key": 18,

                    "value": "琼中"
                },
                {
                    "key": 19,
                    "value": "西沙群岛"
                },
                {
                    "key": 20,
                    "value": "南沙群岛"
                },
                {
                    "key": 21,

                    "value": "中沙群岛"
                }
      ],
    "key" : 31,
    "province" : "海南"
  },
  { "city" : [ { "key" : 1,
          "value" : "中西区"
        },
        { "key" : 2,
          "value" : "东区"
        },
        { "key" : 3,
          "value" : "九龙城区"
        },
        { "key" : 4,
          "value" : "观塘区"
        },
        { "key" : 5,
          "value" : "南区"
        },
        { "key" : 6,
          "value" : "深水埗区"
        },
        { "key" : 7,
          "value" : "黄大仙区"
        },
        { "key" : 8,
          "value" : "湾仔区"
        },
        { "key" : 9,
          "value" : "油尖旺区"
        },
        { "key" : 10,
          "value" : "离岛区"
        },
        { "key" : 11,
          "value" : "葵青区"
        },
        { "key" : 12,
          "value" : "北区"
        },
        { "key" : 13,
          "value" : "西贡区"
        },
        { "key" : 14,
          "value" : "沙田区"
        },
        { "key" : 15,
          "value" : "屯门区"
        },
        { "key" : 16,
          "value" : "大埔区"
        },
        { "key" : 17,
          "value" : "荃湾区"
        },
        { "key" : 18,
          "value" : "元朗区"
        }
      ],
    "key" : 32,
    "province" : "香港"
  },
  { "city" : [ { "key" : 1,
          "value" : "澳门"
        } ],
    "key" : 33,
    "province" : "澳门"
  },
  { "city" : [ { "key" : 1,
          "value" : "台北市"
        },
        { "key" : 2,
          "value" : "高雄市"
        },
        { "key" : 3,
          "value" : "基隆市"
        },
        { "key" : 4,
          "value" : "台中市"
        },
        { "key" : 5,
          "value" : "台南市"
        },
        { "key" : 6,
          "value" : "新竹市"
        },
        { "key" : 7,
          "value" : "嘉义市"
        },
        { "key" : 8,
          "value" : "台北市"
        },
        { "key" : 9,
          "value" : "台北县"
        },
        { "key" : 10,
          "value" : "宜兰县"
        },
        { "key" : 11,
          "value" : "桃园县"
        },
        { "key" : 12,
          "value" : "新竹县"
        },
        { "key" : 13,
          "value" : "苗栗县"
        },
        { "key" : 14,
          "value" : "台中县"
        },
        { "key" : 15,
          "value" : "彰化县"
        },
        { "key" : 16,
          "value" : "南投县"
        },
        { "key" : 17,
          "value" : "云林县"
        },
        { "key" : 18,
          "value" : "嘉义县"
        },
        { "key" : 19,
          "value" : "台南县"
        },
        { "key" : 20,
          "value" : "高雄县"
        },
        { "key" : 21,
          "value" : "屏东县"
        },
        { "key" : 22,
          "value" : "澎湖县"
        },
        { "key" : 23,
          "value" : "台东县"
        },
        { "key" : 24,
          "value" : "花莲县"
        }
      ],
    "key" : 34,
    "province" : "台湾"
  },
  { "city" : [ { "key" : 1,
          "value" : "美国"
        },
        { "key" : 2,
          "value" : "加拿大"
        },
        { "key" : 3,
          "value" : "澳大利亚"
        },
        { "key" : 4,
          "value" : "新西兰"
        },
        { "key" : 5,
          "value" : "英国"
        },
        { "key" : 6,
          "value" : "法国"
        },
        { "key" : 7,
          "value" : "德国"
        },
        { "key" : 8,
          "value" : "捷克"
        },
        { "key" : 9,
          "value" : "荷兰"
        },
        { "key" : 10,
          "value" : "瑞士"
        },
        { "key" : 11,
          "value" : "希腊"
        },
        { "key" : 12,
          "value" : "挪威"
        },
        { "key" : 13,
          "value" : "瑞典"
        },
        { "key" : 14,
          "value" : "丹麦"
        },
        { "key" : 15,
          "value" : "芬兰"
        },
        { "key" : 16,
          "value" : "爱尔兰"
        },
        { "key" : 17,
          "value" : "奥地利"
        },
        { "key" : 18,
          "value" : "意大利"
        },
        { "key" : 19,
          "value" : "乌克兰"
        },
        { "key" : 20,
          "value" : "俄罗斯"
        },
        { "key" : 21,
          "value" : "西班牙"
        },
        { "key" : 22,
          "value" : "韩国"
        },
        { "key" : 23,
          "value" : "新加坡"
        },
        { "key" : 24,
          "value" : "马来西亚"
        },
        { "key" : 25,
          "value" : "印度"
        },
        { "key" : 26,
          "value" : "泰国"
        },
        { "key" : 27,
          "value" : "日本"
        },
        { "key" : 28,
          "value" : "巴西"
        },
        { "key" : 29,
          "value" : "阿根廷"
        },
        { "key" : 30,
          "value" : "南非"
        },
        { "key" : 31,
          "value" : "埃及"
        }
      ],
    "key" : 35,
    "province" : "海外"
  },
  { "city" : [ { "key" : 1,
          "value" : "其他"
        } ],
    "key" : 36,
    "province" : "其他"
  }
]