{
    "code": 1,
    "apiErrorMessage": "",
    "totalNewCount": "45",
    "sparam": {
        "reqHeightStart": "0",
        "reqHeightEnd": "0",
        "reqAgeStart": "18",
        "reqAgeEnd": "0",
        "reqEducation": "0",
        "reqSalaryStart": "0",
        "reqSalaryEnd": "0",
        "reqProvince": "0",
        "reqCity": "0",
        "reqBirthProvince": "0",
        "reqBirthCity": "0",
        "reqIndustry": "0",
        "reqHouse": "0",
        "reqCar": "0",
        "reqConstellation": "0",
        "reqNationality": "0"
    },
    "topAD": {
        "imgUrl": "http://lovepicture.nosdn.127.net/1873828907210955273?imageView",
        "title": "confess test",
        "targetUrl": "http://buzz1164x.hz.youdao.com:18087/park/active/confess"
    },
    "lastTrendTime": "1430966707106",
    "recommendExpand": "",
    "infos": [
        {
            "type": "2",
            "reason": "推荐理由：他的资料比较详细，很真诚，不妨先看一看",
            "trend": {
                "id": "2836822231685196007",
                "praiseCount": "0",
                "content": "纯文字动态，特别多字。感冒快点好，我低估了你的威力，以为挺一挺就能好，没想到感冒效应时间挺长！！！！感冒快点好，我低估了你的威力，以为挺一挺就能好，没想到感冒效应时间挺长！！！！感冒快点好，我低估了你的威力，以为挺一挺就能好，没想到感冒效应时间挺长！！！！感冒快点好，我低估了你的威力，以为挺一挺就能好，没想到感冒效应时间挺长！！！！感冒快点好，我低估了你的威力，以为挺一挺就能好，没想到感冒效应时间挺长！！！！感冒快点好，我低估了你的威力，以为挺一挺就能好，没想到感冒效应时间挺长！！！！感冒快点好，我低估了你的威力，以为挺一挺就能好，没想到感冒效应时间挺长！！！！感冒快点好，我低估了你的威力，以为挺一挺就能好，没想到感冒效应时间挺长！！！！",
                "isPraise": "false",
                "isOperatorTrend": "",
                "photoList": []
            },
            "user": {
                "id": "3202910458341441458",
                "name": "囡囡",
                "avatar": "http://img1.ph.126.net/ojcLDZhltW3dQ2VnM-qeDw==/3902650552193523247.jpg#3",
                "userIsOnline": "0",
                "age": "33",
                "vipType": "0",
                "height": "168",
                "sex": 2,
                "prettyLastLoginTime": "7天前登录过",
                "education": "5",
                "salary": "2"
            },
            "imageCount": "1",
            "distance": "-1.0"
        },
        {
            "type": "1",
            "reason": "推荐理由：你们的学历搭配很和谐，沟通比较方便",
            "richContent": "纯文字动态，特别多字。感冒快点好，我低估了你的威力，以为挺一挺就能好，没想到感冒效应时间挺长！！！！感冒快点好，我低估了你的威力，以为挺一挺就能好，没想到感冒效应时间挺长！！！！感冒快点好，我低估了你的威力，以为挺一挺就能好，没想到感冒效应时间挺长！！！！感冒快点好，我低估了你的威力，以为挺一挺就能好，没想到感冒效应时间挺长！！！！感冒快点好，我低估了你的威力，以为挺一挺就能好，没想到感冒效应时间挺长！！！！感冒快点好，我低估",
            "user": {
                "id": "3202910458341441458",
                "name": "囡囡",
                "avatar": "http://img1.ph.126.net/ojcLDZhltW3dQ2VnM-qeDw==/3902650552193523247.jpg#3",
                "userIsOnline": "0",
                "age": "33",
                "vipType": "0",
                "height": "168",
                "sex": 2,
                "prettyLastLoginTime": "7天前登录过",
                "education": "5",
                "salary": "2"
            },
            "imageCount": "1",
            "distance": "-1.0"
        },
        {
            "type": "0",
            "reason": "推荐理由推荐理由推荐理由推荐理由推荐理由。",
            "richContent": "这家伙很懒，什么都没留下",
            "user": {
                "id": "3202910458341441458",
                "name": "囡囡",
                "avatar": "http://img1.ph.126.net/ojcLDZhltW3dQ2VnM-qeDw==/3902650552193523247.jpg#3",
                "userIsOnline": "0",
                "age": "33",
                "vipType": "0",
                "height": "168",
                "sex": 2,
                "prettyLastLoginTime": "7天前登录过",
                "education": "5",
                "salary": "2"
            },
            "imageCount": "1",
            "distance": "-1.0"
        },
        {
            "type": "2",
            "reason": "推荐理由推荐理由推荐理由推荐理由推荐理由。",
            "trend": {
                "id": "6480277407356054694",
                "praiseCount": "0",
                "content": "网恋吧虽说靠谱率只有百分之零点几但好歹也是新新男性，为什么就遇不上稍微可以相处些时间段了解人品的人出现呢？花田里正常人品正常思维正常相处进度的仁兄你在哪里？！！",
                "isPraise": "false",
                "isOperatorTrend": "",
                "photoList": [
                    "http://img1.ph.126.net/ojcLDZhltW3dQ2VnM-qeDw==/3902650552193523247.jpg#3"
                ]
            },
            "user": {
                "id": "3202910458341441458",
                "name": "囡囡",
                "avatar": "http://img1.ph.126.net/ojcLDZhltW3dQ2VnM-qeDw==/3902650552193523247.jpg#3",
                "userIsOnline": "0",
                "age": "33",
                "vipType": "0",
                "height": "168",
                "sex": 2,
                "prettyLastLoginTime": "7天前登录过",
                "education": "5",
                "salary": "2"
            },
            "imageCount": "1",
            "distance": "-1.0"
        },
        {
            "type": "2",
            "reason": "推荐理由推荐理由推荐理由推荐理由推荐理由。",
            "trend": {
                "id": "5993121717186491040",
                "praiseCount": "0",
                "content": "还有文字哦。",
                "isPraise": "false",
                "isOperatorTrend": "",
                "photoList": [
                    "http://img1.ph.126.net/ojcLDZhltW3dQ2VnM-qeDw==/3902650552193523247.jpg#3",
                    "http://img1.ph.126.net/ojcLDZhltW3dQ2VnM-qeDw==/3902650552193523247.jpg#3"
                ]
            },
            "user": {
                "id": "3202910458341441458",
                "name": "囡囡",
                "avatar": "http://img1.ph.126.net/ojcLDZhltW3dQ2VnM-qeDw==/3902650552193523247.jpg#3",
                "userIsOnline": "0",
                "age": "33",
                "vipType": "0",
                "height": "168",
                "sex": 2,
                "prettyLastLoginTime": "7天前登录过",
                "education": "5",
                "salary": "2"
            },
            "imageCount": "1",
            "distance": "-1.0"
        },
        {
            "type": "2",
            "reason": "推荐理由推荐理由推荐理由推荐理由推荐理由。",
            "trend": {
                "id": "3654980207001636399",
                "praiseCount": "0",
                "content": "还有文字哦。",
                "isPraise": "false",
                "isOperatorTrend": "",
                "photoList": [
                    "http://img1.ph.126.net/ojcLDZhltW3dQ2VnM-qeDw==/3902650552193523247.jpg#3",
                    "http://img1.ph.126.net/ojcLDZhltW3dQ2VnM-qeDw==/3902650552193523247.jpg#3",
                    "http://img1.ph.126.net/ojcLDZhltW3dQ2VnM-qeDw==/3902650552193523247.jpg#3"
                ]
            },
            "user": {
                "id": "3202910458341441458",
                "name": "囡囡",
                "avatar": "http://img1.ph.126.net/ojcLDZhltW3dQ2VnM-qeDw==/3902650552193523247.jpg#3",
                "userIsOnline": "0",
                "age": "33",
                "vipType": "0",
                "height": "168",
                "sex": 2,
                "prettyLastLoginTime": "7天前登录过",
                "education": "5",
                "salary": "2"
            },
            "imageCount": "1",
            "distance": "-1.0"
        },
        {
            "type": "2",
            "reason": "推荐理由推荐理由推荐理由推荐理由推荐理由。",
            "trend": {
                "id": "7853621447537747133",
                "praiseCount": "0",
                "content": "",
                "isPraise": "false",
                "isOperatorTrend": "",
                "photoList": [
                    "http://img1.ph.126.net/ojcLDZhltW3dQ2VnM-qeDw==/3902650552193523247.jpg#3",
                    "http://img1.ph.126.net/ojcLDZhltW3dQ2VnM-qeDw==/3902650552193523247.jpg#3",
                    "http://img1.ph.126.net/ojcLDZhltW3dQ2VnM-qeDw==/3902650552193523247.jpg#3",
                    "http://img1.ph.126.net/ojcLDZhltW3dQ2VnM-qeDw==/3902650552193523247.jpg#3"
                ]
            },
            "user": {
                "id": "3202910458341441458",
                "name": "囡囡",
                "avatar": "http://img1.ph.126.net/ojcLDZhltW3dQ2VnM-qeDw==/3902650552193523247.jpg#3",
                "userIsOnline": "0",
                "age": "33",
                "vipType": "0",
                "height": "168",
                "sex": 2,
                "prettyLastLoginTime": "7天前登录过",
                "education": "5",
                "salary": "2"
            },
            "imageCount": "1",
            "distance": "-1.0"
        },
        {
            "type": "2",
            "reason": "推荐理由推荐理由推荐理由推荐理由推荐理由。",
            "trend": {
                "id": "7016975440359423664",
                "praiseCount": "0",
                "content": "纯文字动态，特别少字",
                "isPraise": "false",
                "isOperatorTrend": "",
                "photoList": []
            },
            "user": {
                "id": "3202910458341441458",
                "name": "囡囡",
                "avatar": "http://img1.ph.126.net/ojcLDZhltW3dQ2VnM-qeDw==/3902650552193523247.jpg#3",
                "userIsOnline": "0",
                "age": "33",
                "vipType": "0",
                "height": "168",
                "sex": 2,
                "prettyLastLoginTime": "7天前登录过",
                "education": "5",
                "salary": "2"
            },
            "imageCount": "1",
            "distance": "-1.0"
        },
        {
            "type": "9",
            "reason": "推荐理由推荐理由推荐理由推荐理由推荐理由。",
            "trend": {
                "id": "0",
                "praiseCount": "0",
                "content": "我参与了花田对活动",
                "isPraise": "false",
                "isOperatorTrend": "",
                "party": {
                    "id": "1234",
                    "title": "花田对活动标题花田对活动标题花田对活动标题花田对活动标题",
                    "cover":"http://img1.ph.126.net/ojcLDZhltW3dQ2VnM-qeDw==/3902650552193523247.jpg#3"
                }
            },
            "user": {
                "id": "3202910458341441458",
                "name": "囡囡",
                "avatar": "http://img1.ph.126.net/ojcLDZhltW3dQ2VnM-qeDw==/3902650552193523247.jpg#3",
                "userIsOnline": "0",
                "age": "33",
                "vipType": "0",
                "height": "168",
                "sex": 2,
                "prettyLastLoginTime": "7天前登录过",
                "education": "5",
                "salary": "2"
            },
            "imageCount": "1",
            "distance": "-1.0"
        },
        {
            "type": "8",
            "reason": "推荐理由推荐理由推荐理由推荐理由推荐理由。",
            "trend": {
                "id": "2739763590864780013",
                "praiseCount": "0",
                "content": "我选了A",
                "isPraise": "false",
                "isOperatorTrend": "",
                "qa": {
                    "questionId": "-9159849684013226906",
                    "answerId":1,
                    "title": "xuanA还是选B",
                    "options":["aaaa","bbbb"]
                }
            },
            "user": {
                "id": "3202910458341441458",
                "name": "囡囡",
                "avatar": "http://img1.ph.126.net/ojcLDZhltW3dQ2VnM-qeDw==/3902650552193523247.jpg#3",
                "userIsOnline": "0",
                "age": "33",
                "vipType": "0",
                "height": "168",
                "sex": 2,
                "prettyLastLoginTime": "7天前登录过",
                "education": "5",
                "salary": "2"
            },
            "imageCount": "1",
            "distance": "-1.0"
        },
        {
            "type": "7",
            "reason": "推荐理由推荐理由推荐理由推荐理由推荐理由。",
            "trend": {
                "id": "0",
                "praiseCount": "0",
                "content": "我参与了一个投票",
                "isPraise": "false",
                "isOperatorTrend": "",
                "topic": {
                    "id": "1397119",
                    "title": "投票标题",
                    "cover": "http://img1.ph.126.net/ojcLDZhltW3dQ2VnM-qeDw==/3902650552193523247.jpg#3"
                }
            },
            "user": {
                "id": "3202910458341441458",
                "name": "囡囡",
                "avatar": "http://img1.ph.126.net/ojcLDZhltW3dQ2VnM-qeDw==/3902650552193523247.jpg#3",
                "userIsOnline": "0",
                "age": "33",
                "vipType": "0",
                "height": "168",
                "sex": 2,
                "prettyLastLoginTime": "7天前登录过",
                "education": "5",
                "salary": "2"
            },
            "imageCount": "1",
            "distance": "-1.0"
        },
        {
            "type": "6",
            "reason": "推荐理由推荐理由推荐理由推荐理由推荐理由。",
            "trend": {
                "id": "0",
                "praiseCount": "0",
                "content": "投票评论",
                "isPraise": "false",
                "isOperatorTrend": "",
                "topic": {
                    "id": "1397119",
                    "title": "投票标题",
                    "cover": "http://img1.ph.126.net/ojcLDZhltW3dQ2VnM-qeDw==/3902650552193523247.jpg#3"
                }
            },
            "user": {
                "id": "3202910458341441458",
                "name": "囡囡",
                "avatar": "http://img1.ph.126.net/ojcLDZhltW3dQ2VnM-qeDw==/3902650552193523247.jpg#3",
                "userIsOnline": "0",
                "age": "33",
                "vipType": "0",
                "height": "168",
                "sex": 2,
                "prettyLastLoginTime": "7天前登录过",
                "education": "5",
                "salary": "2"
            },
            "imageCount": "1",
            "distance": "-1.0"
        },
        {
            "type": "5",
            "reason": "推荐理由推荐理由推荐理由推荐理由推荐理由。",
            "trend": {
                "id": "0",
                "praiseCount": "0",
                "content": "我发布了一个投票",
                "isPraise": "false",
                "isOperatorTrend": "",
                "topic": {
                    "id": "1397119",
                    "title": "投票标题",
                    "cover": "http://img1.ph.126.net/ojcLDZhltW3dQ2VnM-qeDw==/3902650552193523247.jpg#3"
                }
            },
            "user": {
                "id": "3202910458341441458",
                "name": "囡囡",
                "avatar": "http://img1.ph.126.net/ojcLDZhltW3dQ2VnM-qeDw==/3902650552193523247.jpg#3",
                "userIsOnline": "0",
                "age": "33",
                "vipType": "0",
                "height": "168",
                "sex": 2,
                "prettyLastLoginTime": "7天前登录过",
                "education": "5",
                "salary": "2"
            },
            "imageCount": "1",
            "distance": "-1.0"
        },
        {
            "type": "4",
            "reason": "推荐理由推荐理由推荐理由推荐理由推荐理由。",
            "trend": {
                "id": "0",
                "praiseCount": "0",
                "content": "话题评论",
                "isPraise": "false",
                "isOperatorTrend": "",
                "topic": {
                    "id": "1397119",
                    "title": "话题标题",
                    "cover": "http://img1.ph.126.net/ojcLDZhltW3dQ2VnM-qeDw==/3902650552193523247.jpg#3"
                }
            },
            "user": {
                "id": "3202910458341441458",
                "name": "囡囡",
                "avatar": "http://img1.ph.126.net/ojcLDZhltW3dQ2VnM-qeDw==/3902650552193523247.jpg#3",
                "userIsOnline": "0",
                "age": "33",
                "vipType": "0",
                "height": "168",
                "sex": 2,
                "prettyLastLoginTime": "7天前登录过",
                "education": "5",
                "salary": "2"
            },
            "imageCount": "1",
            "distance": "-1.0"
        },
        {
            "type": "3",
            "reason": "推荐理由推荐理由推荐理由推荐理由推荐理由。",
            "trend": {
                "id": "0",
                "praiseCount": "0",
                "content": "我发布了一个话题",
                "isPraise": "false",
                "isOperatorTrend": "",
                "topic": {
                    "id": "1397119",
                    "title": "话题标题",
                    "cover": "http://img1.ph.126.net/ojcLDZhltW3dQ2VnM-qeDw==/3902650552193523247.jpg#3"
                }
            },
            "user": {
                "id": "3202910458341441458",
                "name": "囡囡",
                "avatar": "http://img1.ph.126.net/ojcLDZhltW3dQ2VnM-qeDw==/3902650552193523247.jpg#3",
                "userIsOnline": "0",
                "age": "33",
                "vipType": "0",
                "height": "168",
                "sex": 2,
                "prettyLastLoginTime": "7天前登录过",
                "education": "5",
                "salary": "2"
            },
            "imageCount": "1",
            "distance": "-1.0"
        }
    ]
}